2026-06-07T16:52:08.7319795+00:00 ContainerStatus: Site is running with deployment version: a7da104d-ae57-4a6d-b7fe-4663292740b7
2026-06-07T16:52:08.7326512+00:00 ContainerStatus: Site started.
2026-06-07T16:52:08.7408000+00:00 ContainerStatus: State: Started, Action: None, LastError: , LastErrorTimestamp: 01/01/0001 00:00:00, LastErrorDetails: , Details: Site started at 06/07/2026 16:52:08 (UTC), DetailsLevel: INFO
2026-06-07T16:52:08.7611018+00:00 ContainerStatus: Site is running with patch version PYTHON 3.12.13
2026-06-07T16:52:09.0045808+00:00 ContainerStream: 169.254.130.1 - - [07/Jun/2026:16:52:08 +0000] "GET / HTTP/1.1" 200 0 "-" "ReadyForRequest/1.0 (LocalCache)"
2026-06-07T16:52:09.0451558+00:00 ContainerStream: 169.254.130.1 - - [07/Jun/2026:16:52:09 +0000] "GET / HTTP/1.1" 200 0 "-" "ReadyForRequest/1.0 (AppInit)"
2026-06-07T16:53:17.2987927+00:00 ContainerStream: 169.254.130.1 - - [07/Jun/2026:16:53:17 +0000] "GET / HTTP/1.1" 200 0 "-" "Mozilla/5.0 (Macintosh; Intel Mac OS X 10_15_7) AppleWebKit/605.1.15 (KHTML, like Gecko) Version/26.1 Safari/605.1.15"
2026-06-07T16:53:51.5567214+00:00 ContainerStream: 169.254.130.1 - - [07/Jun/2026:16:53:51 +0000] "GET / HTTP/1.1" 200 0 "-" "curl/8.7.1"
2026-06-07T16:53:55.1619969+00:00 ContainerStatus: State: Starting, Action: EstablishingSiteNetworks, LastError: , LastErrorTimestamp: 01/01/0001 00:00:00, LastErrorDetails: , Details: , DetailsLevel: INFO
2026-06-07T16:53:57.8305648+00:00 ContainerStatus: State: Starting, Action: StartingMsiContainer, LastError: , LastErrorTimestamp: 01/01/0001 00:00:00, LastErrorDetails: , Details: , DetailsLevel: INFO
2026-06-07T16:54:12.1033231+00:00 ContainerStatus: State: Starting, Action: StartingSiteContainers, LastError: , LastErrorTimestamp: 01/01/0001 00:00:00, LastErrorDetails: , Details: , DetailsLevel: INFO
2026-06-07T16:54:12.1035332+00:00 ContainerStatus: Container start method called.
2026-06-07T16:54:12.1036115+00:00 ContainerStatus: State: Starting, Action: PullingImage, LastError: , LastErrorTimestamp: 01/01/0001 00:00:00, LastErrorDetails: , Details: Pulling image 10.1.0.4:13209/appsvc/python:3.12_20260504.4.tuxprod for registration-bot-app., DetailsLevel: INFO
2026-06-07T16:54:12.1316481+00:00 ContainerStatus: Establishing network.
2026-06-07T16:54:12.1317839+00:00 ContainerStatus: Pulling image: appsvc/python:3.12_20260504.4.tuxprod.
2026-06-07T16:54:12.5509491+00:00 ContainerStatus: Container is starting.
2026-06-07T16:54:12.5510330+00:00 ContainerStatus: State: Starting, Action: MountingVolumes, LastError: , LastErrorTimestamp: 01/01/0001 00:00:00, LastErrorDetails: , Details: Mounting volumes for registration-bot-app., DetailsLevel: INFO
2026-06-07T16:54:12.5513133+00:00 ContainerStatus: Establishing user namespace if not established already.
2026-06-07T16:54:12.5514010+00:00 ContainerStatus: Establishing network if not established already.
2026-06-07T16:54:12.5514858+00:00 ContainerStatus: Mounting volumes.
2026-06-07T16:54:12.5516243+00:00 ContainerStatus: Nested mountpoint 
2026-06-07T16:54:12.5822754+00:00 ContainerStatus: Nested mountpoint volatile/logs
2026-06-07T16:54:12.6227387+00:00 ContainerStatus: Nested mountpoint 
2026-06-07T16:54:12.6311174+00:00 ContainerStatus: Nested mountpoint 
2026-06-07T16:54:12.6522467+00:00 ContainerStatus: Nested mountpoint 
2026-06-07T16:54:13.1321884+00:00 ContainerStatus: State: Starting, Action: CreatingContainer, LastError: , LastErrorTimestamp: 01/01/0001 00:00:00, LastErrorDetails: , Details: Finished pulling container image and mounting volumes for registration-bot-app. Allocatinng the rest of the container resources to finish container creation., DetailsLevel: INFO
2026-06-07T16:54:13.1322772+00:00 ContainerStatus: Creating container.
2026-06-07T16:54:13.1323508+00:00 ContainerStatus: Creating pipes for streaming container io.
2026-06-07T16:54:13.1324215+00:00 ContainerStatus: Creating stdout named pipe at /podr/container/pipe/ed7671b27d65_registration-bot-app/stdout_dc938057c937438197b9b571e73580fd.
2026-06-07T16:54:13.1328009+00:00 ContainerStatus: Successfully created stdout named pipe at: /podr/container/pipe/ed7671b27d65_registration-bot-app/stdout_dc938057c937438197b9b571e73580fd.
2026-06-07T16:54:13.1328777+00:00 ContainerStatus: Opening named pipe /podr/container/pipe/ed7671b27d65_registration-bot-app/stdout_dc938057c937438197b9b571e73580fd for reading in non-blocking mode.
2026-06-07T16:54:13.1329600+00:00 ContainerStatus: Successfully opened named pipe: /podr/container/pipe/ed7671b27d65_registration-bot-app/stdout_dc938057c937438197b9b571e73580fd.
2026-06-07T16:54:13.1330270+00:00 ContainerStatus: Successfully removed non-blocking flag from /podr/container/pipe/ed7671b27d65_registration-bot-app/stdout_dc938057c937438197b9b571e73580fd.
2026-06-07T16:54:13.1429517+00:00 ContainerStatus: Creating stderr named pipe at /podr/container/pipe/ed7671b27d65_registration-bot-app/stderr_ced46cd9b0b2483084db8d8564fe4e50.
2026-06-07T16:54:13.1434605+00:00 ContainerStatus: Successfully created stderr named pipe at: /podr/container/pipe/ed7671b27d65_registration-bot-app/stderr_ced46cd9b0b2483084db8d8564fe4e50.
2026-06-07T16:54:13.1435196+00:00 ContainerStatus: Opening named pipe /podr/container/pipe/ed7671b27d65_registration-bot-app/stderr_ced46cd9b0b2483084db8d8564fe4e50 for reading in non-blocking mode.
2026-06-07T16:54:13.1435845+00:00 ContainerStatus: Successfully opened named pipe: /podr/container/pipe/ed7671b27d65_registration-bot-app/stderr_ced46cd9b0b2483084db8d8564fe4e50.
2026-06-07T16:54:13.1436339+00:00 ContainerStatus: Successfully removed non-blocking flag from /podr/container/pipe/ed7671b27d65_registration-bot-app/stderr_ced46cd9b0b2483084db8d8564fe4e50.
2026-06-07T16:54:13.1708480+00:00 ContainerStatus: Creating container with image: appsvc/python:3.12_20260504.4.tuxprod from registry: 10.1.0.4:13209 and fully qualified image name: 10.1.0.4:13209/appsvc/python:3.12_20260504.4.tuxprod
2026-06-07T16:54:14.2539394+00:00 ContainerStatus: Starting container: ed7671b27d65_registration-bot-app.
2026-06-07T16:54:14.4034678+00:00 ContainerStatus: Starting watchers and probes.
2026-06-07T16:54:14.4040433+00:00 ContainerStatus: Starting metrics collection.
2026-06-07T16:54:14.4138912+00:00 ContainerStatus: Container is running.
2026-06-07T16:54:14.4140581+00:00 ContainerStatus: State: Starting, Action: CreatingContainer, LastError: , LastErrorTimestamp: 01/01/0001 00:00:00, LastErrorDetails: , Details: Container registration-bot-app successfully created and is running., DetailsLevel: INFO
2026-06-07T16:54:14.5529065+00:00 ContainerStatus: Container start method finished after 2448 ms.
2026-06-07T16:54:14.5533133+00:00 ContainerStatus: State: Starting, Action: InitiatingSiteWarmUpProbe, LastError: , LastErrorTimestamp: 01/01/0001 00:00:00, LastErrorDetails: , Details: Container registration-bot-app successfully created and is running., DetailsLevel: INFO
2026-06-07T16:54:14.5533516+00:00 ContainerStatus: State: Starting, Action: WaitingForSiteWarmUpProbeSuccess, LastError: , LastErrorTimestamp: 01/01/0001 00:00:00, LastErrorDetails: , Details: Pinging warmup path to ensure container is ready to receive requests., DetailsLevel: INFO
2026-06-07T16:54:14.9924373+00:00 ContainerStream:    _____                               
2026-06-07T16:54:14.9925581+00:00 ContainerStream:   /  _  \ __________ _________   ____  
2026-06-07T16:54:14.9925614+00:00 ContainerStream:  /  /_\  \\___   /  |  \_  __ \_/ __ \ 
2026-06-07T16:54:14.9925665+00:00 ContainerStream: /    |    \/    /|  |  /|  | \/\  ___/ 
2026-06-07T16:54:14.9925684+00:00 ContainerStream: \____|__  /_____ \____/ |__|    \___  >
2026-06-07T16:54:14.9925707+00:00 ContainerStream:         \/      \/                  \/ 
2026-06-07T16:54:14.9925724+00:00 ContainerStream: A P P   S E R V I C E   O N   L I N U X
2026-06-07T16:54:14.9925740+00:00 ContainerStream: 
2026-06-07T16:54:14.9925762+00:00 ContainerStream: Documentation     : https://aka.ms/webapp-linux
2026-06-07T16:54:14.9925795+00:00 ContainerStream: Python quickstart : https://aka.ms/python-qs
2026-06-07T16:54:14.9925844+00:00 ContainerStream: Python version    : 3.12.13
2026-06-07T16:54:14.9925862+00:00 ContainerStream: Instance name     : lw1sdlwk0000D8
2026-06-07T16:54:14.9925884+00:00 ContainerStream: Instance id       : f8c5d35a462fcd87923beccccb19f9d3c0e35bc47dd6274950bc1dd66bc38d1e
2026-06-07T16:54:14.9925901+00:00 ContainerStream: 
2026-06-07T16:54:14.9925918+00:00 ContainerStream: App port          : 8000
2026-06-07T16:54:14.9925935+00:00 ContainerStream: Port selected by  : Default for this image
2026-06-07T16:54:14.9925964+00:00 ContainerStream: (Learn more about the PORT appsetting https://aka.ms/webapp-python-settings)
2026-06-07T16:54:14.9925983+00:00 ContainerStream: 
2026-06-07T16:54:14.9926000+00:00 ContainerStream: Note: Any data outside '/home' is not persisted
2026-06-07T16:54:14.9926016+00:00 ContainerStream: 
2026-06-07T16:54:14.9926043+00:00 ContainerStream: ────────────────────────────────────────────────────────────────
2026-06-07T16:54:14.9926064+00:00 ContainerStream:  Run 'apphelp' for available commands and aliases.
2026-06-07T16:54:14.9926092+00:00 ContainerStream:  Run 'install-nettools' to install networking utilities.
2026-06-07T16:54:14.9926116+00:00 ContainerStream: ────────────────────────────────────────────────────────────────
2026-06-07T16:54:17.9132341+00:00 ContainerStream: Starting OpenBSD Secure Shell server: sshd.
2026-06-07T16:54:17.9316875+00:00 ContainerStream: WEBSITES_INCLUDE_CLOUD_CERTS is not set to true.
2026-06-07T16:54:18.0211482+00:00 ContainerStream: Updating certificates in /etc/ssl/certs...
2026-06-07T16:54:26.4488363+00:00 ContainerStatus: Site startup probe failed after 11.8868977 seconds.
2026-06-07T16:54:27.8188313+00:00 ContainerStatus: State: Starting, Action: WaitingForSiteWarmUpProbeSuccess, LastError: ContainerTimeout, LastErrorTimestamp: 06/07/2026 16:54:27, LastErrorDetails: Container did not start within expected time limit of 230s. Please inspect your container logs for more details., Details: Pinging warmup path to ensure container is ready to receive requests., DetailsLevel: ERR
2026-06-07T16:54:27.8590609+00:00 ContainerStatus: Failed to start site. Revert by stopping site.
2026-06-07T16:54:27.9985081+00:00 ContainerStatus: State: Stopping, Action: StoppingSite, LastError: ContainerTimeout, LastErrorTimestamp: 06/07/2026 16:54:27, LastErrorDetails: Container did not start within expected time limit of 230s. Please inspect your container logs for more details., Details: Pinging warmup path to ensure container is ready to receive requests., DetailsLevel: ERR
2026-06-07T16:54:28.0295640+00:00 ContainerStatus: State: Stopping, Action: StoppingSiteContainers, LastError: ContainerTimeout, LastErrorTimestamp: 06/07/2026 16:54:27, LastErrorDetails: Container did not start within expected time limit of 230s. Please inspect your container logs for more details., Details: Pinging warmup path to ensure container is ready to receive requests., DetailsLevel: ERR
2026-06-07T16:54:28.0367732+00:00 ContainerStatus: Container is terminating. Grace period: 5 seconds.
2026-06-07T16:54:28.0588624+00:00 ContainerStatus: Stop and delete container. Retry count = 0
2026-06-07T16:54:28.0591316+00:00 ContainerStatus: Stopping container: ed7671b27d65_registration-bot-app.
2026-06-07T16:54:33.4054836+00:00 ContainerStatus: Deleting container: ed7671b27d65_registration-bot-app. Retry count = 0
2026-06-07T16:54:33.7865088+00:00 ContainerStatus: Container spec TerminationMessagePolicy  path 
2026-06-07T16:54:33.7869714+00:00 ContainerStatus: Container is terminated. Total time elapsed: 5749 ms.
2026-06-07T16:54:33.7874215+00:00 ContainerStatus: Site container: registration-bot-app terminated during site startup.
2026-06-07T16:54:33.7965823+00:00 ContainerStatus: State: Stopping, Action: CancellingStartup, LastError: ContainerTimeout, LastErrorTimestamp: 06/07/2026 16:54:27, LastErrorDetails: Container did not start within expected time limit of 230s. Please inspect your container logs for more details., Details: Site container: registration-bot-app terminated during site startup. Cancelling site startup., DetailsLevel: ERR
2026-06-07T16:54:34.1356800+00:00 ContainerStatus: Site container: registration-bot-app_managedIdentity terminated during site startup.
2026-06-07T16:54:34.1365483+00:00 ContainerStatus: State: Stopping, Action: CancellingStartup, LastError: ContainerTimeout, LastErrorTimestamp: 06/07/2026 16:54:27, LastErrorDetails: Container did not start within expected time limit of 230s. Please inspect your container logs for more details., Details: Site container: registration-bot-app terminated during site startup. Cancelling site startup., DetailsLevel: ERR
2026-06-07T16:54:34.1372980+00:00 ContainerStatus: Site: registration-bot-app stopped.
========== New Cold Start Attempt (2026-06-07T16:54:55.2097016+00:00) ==========
2026-06-07T16:54:55.2097016+00:00 ContainerStatus: State: Stopping, Action: StoppingSiteContainers, LastError: , LastErrorTimestamp: 01/01/0001 00:00:00, LastErrorDetails: , Details: Site started at 06/07/2026 16:52:08 (UTC), DetailsLevel: INFO
2026-06-07T16:54:55.2178051+00:00 ContainerStatus: Container is terminating. Grace period: 5 seconds.
2026-06-07T16:54:55.2205266+00:00 ContainerStatus: Stop and delete container. Retry count = 0
2026-06-07T16:54:55.2205875+00:00 ContainerStatus: Stopping container: 6a55a2157296_registration-bot-app.
2026-06-07T16:55:00.3291721+00:00 ContainerStatus: Deleting container: 6a55a2157296_registration-bot-app. Retry count = 0
2026-06-07T16:55:00.7203384+00:00 ContainerStatus: Container spec TerminationMessagePolicy  path 
2026-06-07T16:55:00.7206480+00:00 ContainerStatus: Container is terminated. Total time elapsed: 5502 ms.
2026-06-07T16:55:01.4009551+00:00 ContainerStatus: Site: registration-bot-app stopped.
2026-06-07T16:55:28.4797670+00:00 ContainerStatus: State: Starting, Action: EstablishingSiteNetworks, LastError: ContainerTimeout, LastErrorTimestamp: 06/07/2026 16:54:27, LastErrorDetails: Container did not start within expected time limit of 230s. Please inspect your container logs for more details., Details: Site stopped at 06/07/2026 16:54:34 (UTC), DetailsLevel: ERR
2026-06-07T16:55:31.0011227+00:00 ContainerStatus: State: Starting, Action: StartingMsiContainer, LastError: ContainerTimeout, LastErrorTimestamp: 06/07/2026 16:54:27, LastErrorDetails: Container did not start within expected time limit of 230s. Please inspect your container logs for more details., Details: Site stopped at 06/07/2026 16:54:34 (UTC), DetailsLevel: ERR
2026-06-07T16:55:39.3077207+00:00 ContainerStatus: State: Starting, Action: StartingSiteContainers, LastError: ContainerTimeout, LastErrorTimestamp: 06/07/2026 16:54:27, LastErrorDetails: Container did not start within expected time limit of 230s. Please inspect your container logs for more details., Details: Site stopped at 06/07/2026 16:54:34 (UTC), DetailsLevel: ERR
2026-06-07T16:55:39.3077943+00:00 ContainerStatus: Container start method called.
2026-06-07T16:55:39.3078298+00:00 ContainerStatus: State: Starting, Action: PullingImage, LastError: ContainerTimeout, LastErrorTimestamp: 06/07/2026 16:54:27, LastErrorDetails: Container did not start within expected time limit of 230s. Please inspect your container logs for more details., Details: Pulling image 10.1.0.4:13209/appsvc/python:3.12_20260504.4.tuxprod for registration-bot-app., DetailsLevel: INFO
2026-06-07T16:55:39.3078826+00:00 ContainerStatus: Establishing network.
2026-06-07T16:55:39.3079552+00:00 ContainerStatus: Pulling image: appsvc/python:3.12_20260504.4.tuxprod.
2026-06-07T16:55:39.5676858+00:00 ContainerStatus: Container is starting.
2026-06-07T16:55:39.5683975+00:00 ContainerStatus: State: Starting, Action: MountingVolumes, LastError: ContainerTimeout, LastErrorTimestamp: 06/07/2026 16:54:27, LastErrorDetails: Container did not start within expected time limit of 230s. Please inspect your container logs for more details., Details: Mounting volumes for registration-bot-app., DetailsLevel: INFO
2026-06-07T16:55:39.5685245+00:00 ContainerStatus: Establishing user namespace if not established already.
2026-06-07T16:55:39.5686045+00:00 ContainerStatus: Establishing network if not established already.
2026-06-07T16:55:39.5774425+00:00 ContainerStatus: Mounting volumes.
2026-06-07T16:55:39.5781475+00:00 ContainerStatus: Nested mountpoint 
2026-06-07T16:55:39.6168932+00:00 ContainerStatus: Nested mountpoint volatile/logs
2026-06-07T16:55:39.6361221+00:00 ContainerStatus: Nested mountpoint 
2026-06-07T16:55:39.6365703+00:00 ContainerStatus: Nested mountpoint 
2026-06-07T16:55:39.6561075+00:00 ContainerStatus: Nested mountpoint 
2026-06-07T16:55:39.9360849+00:00 ContainerStatus: State: Starting, Action: CreatingContainer, LastError: ContainerTimeout, LastErrorTimestamp: 06/07/2026 16:54:27, LastErrorDetails: Container did not start within expected time limit of 230s. Please inspect your container logs for more details., Details: Finished pulling container image and mounting volumes for registration-bot-app. Allocatinng the rest of the container resources to finish container creation., DetailsLevel: INFO
2026-06-07T16:55:39.9362126+00:00 ContainerStatus: Creating container.
2026-06-07T16:55:39.9363151+00:00 ContainerStatus: Creating pipes for streaming container io.
2026-06-07T16:55:39.9363930+00:00 ContainerStatus: Creating stdout named pipe at /podr/container/pipe/061149e05ecc_registration-bot-app/stdout_4c14f6131baf41bb9b4d122ac93ec4cc.
2026-06-07T16:55:39.9365915+00:00 ContainerStatus: Successfully created stdout named pipe at: /podr/container/pipe/061149e05ecc_registration-bot-app/stdout_4c14f6131baf41bb9b4d122ac93ec4cc.
2026-06-07T16:55:39.9366652+00:00 ContainerStatus: Opening named pipe /podr/container/pipe/061149e05ecc_registration-bot-app/stdout_4c14f6131baf41bb9b4d122ac93ec4cc for reading in non-blocking mode.
2026-06-07T16:55:39.9367462+00:00 ContainerStatus: Successfully opened named pipe: /podr/container/pipe/061149e05ecc_registration-bot-app/stdout_4c14f6131baf41bb9b4d122ac93ec4cc.
2026-06-07T16:55:39.9370288+00:00 ContainerStatus: Successfully removed non-blocking flag from /podr/container/pipe/061149e05ecc_registration-bot-app/stdout_4c14f6131baf41bb9b4d122ac93ec4cc.
2026-06-07T16:55:39.9382580+00:00 ContainerStatus: Creating stderr named pipe at /podr/container/pipe/061149e05ecc_registration-bot-app/stderr_e016fceb0e5a4574bc20de3968244002.
2026-06-07T16:55:39.9385049+00:00 ContainerStatus: Successfully created stderr named pipe at: /podr/container/pipe/061149e05ecc_registration-bot-app/stderr_e016fceb0e5a4574bc20de3968244002.
2026-06-07T16:55:39.9385811+00:00 ContainerStatus: Opening named pipe /podr/container/pipe/061149e05ecc_registration-bot-app/stderr_e016fceb0e5a4574bc20de3968244002 for reading in non-blocking mode.
2026-06-07T16:55:39.9387113+00:00 ContainerStatus: Successfully opened named pipe: /podr/container/pipe/061149e05ecc_registration-bot-app/stderr_e016fceb0e5a4574bc20de3968244002.
2026-06-07T16:55:39.9483300+00:00 ContainerStatus: Successfully removed non-blocking flag from /podr/container/pipe/061149e05ecc_registration-bot-app/stderr_e016fceb0e5a4574bc20de3968244002.
2026-06-07T16:55:39.9486995+00:00 ContainerStatus: Creating container with image: appsvc/python:3.12_20260504.4.tuxprod from registry: 10.1.0.4:13209 and fully qualified image name: 10.1.0.4:13209/appsvc/python:3.12_20260504.4.tuxprod
2026-06-07T16:55:40.6942418+00:00 ContainerStatus: Starting container: 061149e05ecc_registration-bot-app.
2026-06-07T16:55:40.7393133+00:00 ContainerStatus: Starting watchers and probes.
2026-06-07T16:55:40.7404031+00:00 ContainerStatus: Starting metrics collection.
2026-06-07T16:55:40.7479466+00:00 ContainerStatus: Container is running.
2026-06-07T16:55:40.7480149+00:00 ContainerStatus: State: Starting, Action: CreatingContainer, LastError: ContainerTimeout, LastErrorTimestamp: 06/07/2026 16:54:27, LastErrorDetails: Container did not start within expected time limit of 230s. Please inspect your container logs for more details., Details: Container registration-bot-app successfully created and is running., DetailsLevel: INFO
2026-06-07T16:55:40.8807618+00:00 ContainerStatus: Container start method finished after 1572 ms.
2026-06-07T16:55:40.8883611+00:00 ContainerStatus: State: Starting, Action: InitiatingSiteWarmUpProbe, LastError: ContainerTimeout, LastErrorTimestamp: 06/07/2026 16:54:27, LastErrorDetails: Container did not start within expected time limit of 230s. Please inspect your container logs for more details., Details: Container registration-bot-app successfully created and is running., DetailsLevel: INFO
2026-06-07T16:55:40.8885378+00:00 ContainerStatus: State: Starting, Action: WaitingForSiteWarmUpProbeSuccess, LastError: ContainerTimeout, LastErrorTimestamp: 06/07/2026 16:54:27, LastErrorDetails: Container did not start within expected time limit of 230s. Please inspect your container logs for more details., Details: Pinging warmup path to ensure container is ready to receive requests., DetailsLevel: INFO
2026-06-07T16:55:41.0218054+00:00 ContainerStream:    _____                               
2026-06-07T16:55:41.0219508+00:00 ContainerStream:   /  _  \ __________ _________   ____  
2026-06-07T16:55:41.0219585+00:00 ContainerStream:  /  /_\  \\___   /  |  \_  __ \_/ __ \ 
2026-06-07T16:55:41.0219605+00:00 ContainerStream: /    |    \/    /|  |  /|  | \/\  ___/ 
2026-06-07T16:55:41.0219621+00:00 ContainerStream: \____|__  /_____ \____/ |__|    \___  >
2026-06-07T16:55:41.0219645+00:00 ContainerStream:         \/      \/                  \/ 
2026-06-07T16:55:41.0219662+00:00 ContainerStream: A P P   S E R V I C E   O N   L I N U X
2026-06-07T16:55:41.0219677+00:00 ContainerStream: 
2026-06-07T16:55:41.0219713+00:00 ContainerStream: Documentation     : https://aka.ms/webapp-linux
2026-06-07T16:55:41.0219735+00:00 ContainerStream: Python quickstart : https://aka.ms/python-qs
2026-06-07T16:55:41.0219753+00:00 ContainerStream: Python version    : 3.12.13
2026-06-07T16:55:41.0219770+00:00 ContainerStream: Instance name     : lw1sdlwk0000D8
2026-06-07T16:55:41.0219792+00:00 ContainerStream: Instance id       : f8c5d35a462fcd87923beccccb19f9d3c0e35bc47dd6274950bc1dd66bc38d1e
2026-06-07T16:55:41.0219808+00:00 ContainerStream: 
2026-06-07T16:55:41.0219824+00:00 ContainerStream: App port          : 8000
2026-06-07T16:55:41.0219852+00:00 ContainerStream: Port selected by  : Default for this image
2026-06-07T16:55:41.0219872+00:00 ContainerStream: (Learn more about the PORT appsetting https://aka.ms/webapp-python-settings)
2026-06-07T16:55:41.0219891+00:00 ContainerStream: 
2026-06-07T16:55:41.0219907+00:00 ContainerStream: Note: Any data outside '/home' is not persisted
2026-06-07T16:55:41.0219923+00:00 ContainerStream: 
2026-06-07T16:55:41.0219950+00:00 ContainerStream: ────────────────────────────────────────────────────────────────
2026-06-07T16:55:41.0219982+00:00 ContainerStream:  Run 'apphelp' for available commands and aliases.
2026-06-07T16:55:41.0220000+00:00 ContainerStream:  Run 'install-nettools' to install networking utilities.
2026-06-07T16:55:41.0220025+00:00 ContainerStream: ────────────────────────────────────────────────────────────────
2026-06-07T16:55:42.3318897+00:00 ContainerStream: Starting OpenBSD Secure Shell server: sshd.
2026-06-07T16:55:42.3501216+00:00 ContainerStream: WEBSITES_INCLUDE_CLOUD_CERTS is not set to true.
2026-06-07T16:55:42.4121860+00:00 ContainerStream: Updating certificates in /etc/ssl/certs...
2026-06-07T16:55:53.5915347+00:00 ContainerStream: rehash: warning: skipping ca-certificates.crt,it does not contain exactly one certificate or CRL
2026-06-07T16:55:53.6401120+00:00 ContainerStream: rehash: warning: skipping duplicate certificate in azl_SSL.com_TLS_RSA_Root_CA_2022.pem
2026-06-07T16:55:53.6401508+00:00 ContainerStream: rehash: warning: skipping duplicate certificate in azl_SSL.com_TLS_ECC_Root_CA_2022.pem
2026-06-07T16:55:53.6406332+00:00 ContainerStream: 4 added, 0 removed; done.
2026-06-07T16:55:53.6499566+00:00 ContainerStream: Running hooks in /etc/ca-certificates/update.d...
2026-06-07T16:55:53.6499843+00:00 ContainerStream: done.
2026-06-07T16:55:53.6695955+00:00 ContainerStream: CA certificates copied and updated successfully.
2026-06-07T16:55:54.0102714+00:00 ContainerStream: Site's appCommandLine: uvicorn app.main:app --host 0.0.0.0 --port 8000
2026-06-07T16:55:54.1289675+00:00 ContainerStream: Starting periodic command scheduler: cron.
2026-06-07T16:55:54.1302622+00:00 ContainerStream: Launching oryx with: create-script -appPath /home/site/wwwroot -output /opt/startup/startup.sh -virtualEnvName antenv -defaultApp /opt/defaultsite -userStartupCommand 'uvicorn app.main:app --host 0.0.0.0 --port 8000'
2026-06-07T16:55:54.2906941+00:00 ContainerStream: Could not find build manifest file at '/home/site/wwwroot/oryx-manifest.toml'
2026-06-07T16:55:54.2907591+00:00 ContainerStream: Could not find operation ID in manifest. Generating an operation id...
2026-06-07T16:55:54.2907621+00:00 ContainerStream: Build Operation ID: f1f31584-b603-434f-87d5-efbb77cde63f
2026-06-07T16:55:54.5631006+00:00 ContainerStream: Oryx Version: 0.2.20260504.2, Commit: a776ec9f2fd225b305599e35443ecb3533bcdb26, ReleaseTagName: 20260504.2
2026-06-07T16:55:54.5966607+00:00 ContainerStream: Writing output script to '/opt/startup/startup.sh'
2026-06-07T16:55:54.6530124+00:00 ContainerStream: WARNING: Could not find virtual environment directory /home/site/wwwroot/antenv.
2026-06-07T16:55:54.6702539+00:00 ContainerStream: /opt/startup/startup.sh: 23: uvicorn: not found
2026-06-07T16:55:54.6704267+00:00 ContainerStream: WARNING: Could not find package directory /home/site/wwwroot/__oryx_packages__.
2026-06-07T16:55:54.6912519+00:00 ContainerStatus: Container has finished running with exit code: 127.
2026-06-07T16:55:54.6916265+00:00 ContainerStatus: Container is terminating. Grace period: 5 seconds.
2026-06-07T16:55:54.7907658+00:00 ContainerStatus: Stop and delete container. Retry count = 0
2026-06-07T16:55:54.7912721+00:00 ContainerStatus: Stopping container: 061149e05ecc_registration-bot-app.
2026-06-07T16:55:54.8437406+00:00 ContainerStatus: Deleting container: 061149e05ecc_registration-bot-app. Retry count = 0
2026-06-07T16:55:55.0463451+00:00 ContainerStatus: Container spec TerminationMessagePolicy  path 
2026-06-07T16:55:55.0536396+00:00 ContainerStatus: Container is terminated. Total time elapsed: 354 ms.
2026-06-07T16:55:55.0537337+00:00 ContainerStatus: Site container: registration-bot-app terminated during site startup.
2026-06-07T16:55:55.0539392+00:00 ContainerStatus: State: Stopping, Action: CancellingStartup, LastError: ContainerTimeout, LastErrorTimestamp: 06/07/2026 16:54:27, LastErrorDetails: Container did not start within expected time limit of 230s. Please inspect your container logs for more details., Details: Site container: registration-bot-app terminated during site startup. Cancelling site startup., DetailsLevel: ERR
2026-06-07T16:55:55.0661622+00:00 ContainerStatus: Site startup probe failed after 14.1773011 seconds.
2026-06-07T16:55:55.1650037+00:00 ContainerStatus: State: Stopping, Action: CancellingStartup, LastError: ContainerTimeout, LastErrorTimestamp: 06/07/2026 16:55:55, LastErrorDetails: Container did not start within expected time limit of 230s. Please inspect your container logs for more details., Details: Site container: registration-bot-app terminated during site startup. Cancelling site startup., DetailsLevel: ERR
2026-06-07T16:55:55.2040464+00:00 ContainerStatus: Failed to start site. Revert by stopping site.
2026-06-07T16:55:55.2044297+00:00 ContainerStatus: State: Stopping, Action: StoppingSite, LastError: ContainerTimeout, LastErrorTimestamp: 06/07/2026 16:55:55, LastErrorDetails: Container did not start within expected time limit of 230s. Please inspect your container logs for more details., Details: Site container: registration-bot-app terminated during site startup. Cancelling site startup., DetailsLevel: ERR
2026-06-07T16:55:55.2052357+00:00 ContainerStatus: State: Stopping, Action: StoppingSiteContainers, LastError: ContainerTimeout, LastErrorTimestamp: 06/07/2026 16:55:55, LastErrorDetails: Container did not start within expected time limit of 230s. Please inspect your container logs for more details., Details: Site container: registration-bot-app terminated during site startup. Cancelling site startup., DetailsLevel: ERR
2026-06-07T16:55:55.4767272+00:00 ContainerStatus: Site container: registration-bot-app_managedIdentity terminated during site startup.
2026-06-07T16:55:55.4772270+00:00 ContainerStatus: State: Stopping, Action: StoppingSiteContainers, LastError: ContainerTimeout, LastErrorTimestamp: 06/07/2026 16:55:55, LastErrorDetails: Container did not start within expected time limit of 230s. Please inspect your container logs for more details., Details: Site container: registration-bot-app terminated during site startup. Cancelling site startup., DetailsLevel: ERR
2026-06-07T16:55:55.4846702+00:00 ContainerStatus: Site: registration-bot-app stopped.
========== New Cold Start Attempt (2026-06-07T16:55:55.4864421+00:00) ==========
2026-06-07T16:55:55.4864421+00:00 ContainerStatus: State: Stopping, Action: UnmountingVolumes, LastError: ContainerTimeout, LastErrorTimestamp: 06/07/2026 16:55:55, LastErrorDetails: Container did not start within expected time limit of 230s. Please inspect your container logs for more details., Details: Site container: registration-bot-app terminated during site startup. Cancelling site startup., DetailsLevel: ERR
2026-06-07T16:55:55.7459889+00:00 ContainerStatus: State: Stopping, Action: StoppingSiteNetworks, LastError: ContainerTimeout, LastErrorTimestamp: 06/07/2026 16:55:55, LastErrorDetails: Container did not start within expected time limit of 230s. Please inspect your container logs for more details., Details: Site container: registration-bot-app terminated during site startup. Cancelling site startup., DetailsLevel: ERR
2026-06-07T16:55:55.9048630+00:00 ContainerStatus: State: Stopped, Action: None, LastError: ContainerTimeout, LastErrorTimestamp: 06/07/2026 16:55:55, LastErrorDetails: Container did not start within expected time limit of 230s. Please inspect your container logs for more details., Details: Site stopped at 06/07/2026 16:55:55 (UTC), DetailsLevel: ERR
2026-06-07T16:55:56.3382544+00:00 ContainerStatus: State: Stopped, Action: None, LastError: ContainerTimeout, LastErrorTimestamp: 06/07/2026 16:55:55, LastErrorDetails: Container did not start within expected time limit of 230s. Please inspect your container logs for more details., Details: Site stopped at 06/07/2026 16:55:55 (UTC), DetailsLevel: ERR
2026-06-07T16:57:35.1575009+00:00 ContainerStatus: State: Starting, Action: EstablishingSiteNetworks, LastError: ContainerTimeout, LastErrorTimestamp: 06/07/2026 16:55:55, LastErrorDetails: Container did not start within expected time limit of 230s. Please inspect your container logs for more details., Details: Site stopped at 06/07/2026 16:55:55 (UTC), DetailsLevel: ERR
2026-06-07T16:57:36.3082679+00:00 ContainerStatus: State: Starting, Action: StartingMsiContainer, LastError: ContainerTimeout, LastErrorTimestamp: 06/07/2026 16:55:55, LastErrorDetails: Container did not start within expected time limit of 230s. Please inspect your container logs for more details., Details: Site stopped at 06/07/2026 16:55:55 (UTC), DetailsLevel: ERR
2026-06-07T16:57:43.0663654+00:00 ContainerStatus: State: Starting, Action: StartingSiteContainers, LastError: ContainerTimeout, LastErrorTimestamp: 06/07/2026 16:55:55, LastErrorDetails: Container did not start within expected time limit of 230s. Please inspect your container logs for more details., Details: Site stopped at 06/07/2026 16:55:55 (UTC), DetailsLevel: ERR
2026-06-07T16:57:43.0668584+00:00 ContainerStatus: Container start method called.
2026-06-07T16:57:43.0669473+00:00 ContainerStatus: State: Starting, Action: PullingImage, LastError: ContainerTimeout, LastErrorTimestamp: 06/07/2026 16:55:55, LastErrorDetails: Container did not start within expected time limit of 230s. Please inspect your container logs for more details., Details: Pulling image 10.1.0.4:13209/appsvc/python:3.12_20260504.4.tuxprod for registration-bot-app., DetailsLevel: INFO
2026-06-07T16:57:43.0671961+00:00 ContainerStatus: Establishing network.
2026-06-07T16:57:43.0675906+00:00 ContainerStatus: Pulling image: appsvc/python:3.12_20260504.4.tuxprod.
2026-06-07T16:57:43.2700751+00:00 ContainerStatus: Container is starting.
2026-06-07T16:57:43.2701624+00:00 ContainerStatus: State: Starting, Action: MountingVolumes, LastError: ContainerTimeout, LastErrorTimestamp: 06/07/2026 16:55:55, LastErrorDetails: Container did not start within expected time limit of 230s. Please inspect your container logs for more details., Details: Mounting volumes for registration-bot-app., DetailsLevel: INFO
2026-06-07T16:57:43.2702375+00:00 ContainerStatus: Establishing user namespace if not established already.
2026-06-07T16:57:43.2703178+00:00 ContainerStatus: Establishing network if not established already.
2026-06-07T16:57:43.2705656+00:00 ContainerStatus: Mounting volumes.
2026-06-07T16:57:43.2789508+00:00 ContainerStatus: Nested mountpoint 
2026-06-07T16:57:43.2897411+00:00 ContainerStatus: Nested mountpoint volatile/logs
2026-06-07T16:57:43.2999433+00:00 ContainerStatus: Nested mountpoint 
2026-06-07T16:57:43.3008951+00:00 ContainerStatus: Nested mountpoint 
2026-06-07T16:57:43.3113069+00:00 ContainerStatus: Nested mountpoint 
2026-06-07T16:57:43.5898949+00:00 ContainerStatus: State: Starting, Action: CreatingContainer, LastError: ContainerTimeout, LastErrorTimestamp: 06/07/2026 16:55:55, LastErrorDetails: Container did not start within expected time limit of 230s. Please inspect your container logs for more details., Details: Finished pulling container image and mounting volumes for registration-bot-app. Allocatinng the rest of the container resources to finish container creation., DetailsLevel: INFO
2026-06-07T16:57:43.5899655+00:00 ContainerStatus: Creating container.
2026-06-07T16:57:43.5900166+00:00 ContainerStatus: Creating pipes for streaming container io.
2026-06-07T16:57:43.5900641+00:00 ContainerStatus: Creating stdout named pipe at /podr/container/pipe/6710b5f0b8d0_registration-bot-app/stdout_4fc0afbf7715426b9d3adcf42a76c3af.
2026-06-07T16:57:43.5901723+00:00 ContainerStatus: Successfully created stdout named pipe at: /podr/container/pipe/6710b5f0b8d0_registration-bot-app/stdout_4fc0afbf7715426b9d3adcf42a76c3af.
2026-06-07T16:57:43.5902230+00:00 ContainerStatus: Opening named pipe /podr/container/pipe/6710b5f0b8d0_registration-bot-app/stdout_4fc0afbf7715426b9d3adcf42a76c3af for reading in non-blocking mode.
2026-06-07T16:57:43.5902797+00:00 ContainerStatus: Successfully opened named pipe: /podr/container/pipe/6710b5f0b8d0_registration-bot-app/stdout_4fc0afbf7715426b9d3adcf42a76c3af.
2026-06-07T16:57:43.5903286+00:00 ContainerStatus: Successfully removed non-blocking flag from /podr/container/pipe/6710b5f0b8d0_registration-bot-app/stdout_4fc0afbf7715426b9d3adcf42a76c3af.
2026-06-07T16:57:43.6098746+00:00 ContainerStatus: Creating stderr named pipe at /podr/container/pipe/6710b5f0b8d0_registration-bot-app/stderr_6a0ffe83351e487583024e76c9544544.
2026-06-07T16:57:43.6099851+00:00 ContainerStatus: Successfully created stderr named pipe at: /podr/container/pipe/6710b5f0b8d0_registration-bot-app/stderr_6a0ffe83351e487583024e76c9544544.
2026-06-07T16:57:43.6100367+00:00 ContainerStatus: Opening named pipe /podr/container/pipe/6710b5f0b8d0_registration-bot-app/stderr_6a0ffe83351e487583024e76c9544544 for reading in non-blocking mode.
2026-06-07T16:57:43.6100947+00:00 ContainerStatus: Successfully opened named pipe: /podr/container/pipe/6710b5f0b8d0_registration-bot-app/stderr_6a0ffe83351e487583024e76c9544544.
2026-06-07T16:57:43.6101450+00:00 ContainerStatus: Successfully removed non-blocking flag from /podr/container/pipe/6710b5f0b8d0_registration-bot-app/stderr_6a0ffe83351e487583024e76c9544544.
2026-06-07T16:57:43.6102255+00:00 ContainerStatus: Creating container with image: appsvc/python:3.12_20260504.4.tuxprod from registry: 10.1.0.4:13209 and fully qualified image name: 10.1.0.4:13209/appsvc/python:3.12_20260504.4.tuxprod
2026-06-07T16:57:43.8813302+00:00 ContainerStatus: Starting container: 6710b5f0b8d0_registration-bot-app.
2026-06-07T16:57:43.9597343+00:00 ContainerStatus: Starting watchers and probes.
2026-06-07T16:57:43.9602588+00:00 ContainerStatus: Starting metrics collection.
2026-06-07T16:57:43.9695388+00:00 ContainerStatus: Container is running.
2026-06-07T16:57:43.9701360+00:00 ContainerStatus: State: Starting, Action: CreatingContainer, LastError: ContainerTimeout, LastErrorTimestamp: 06/07/2026 16:55:55, LastErrorDetails: Container did not start within expected time limit of 230s. Please inspect your container logs for more details., Details: Container registration-bot-app successfully created and is running., DetailsLevel: INFO
2026-06-07T16:57:44.0112544+00:00 ContainerStatus: Container start method finished after 944 ms.
2026-06-07T16:57:44.0113961+00:00 ContainerStatus: State: Starting, Action: InitiatingSiteWarmUpProbe, LastError: ContainerTimeout, LastErrorTimestamp: 06/07/2026 16:55:55, LastErrorDetails: Container did not start within expected time limit of 230s. Please inspect your container logs for more details., Details: Container registration-bot-app successfully created and is running., DetailsLevel: INFO
2026-06-07T16:57:44.0114140+00:00 ContainerStatus: State: Starting, Action: WaitingForSiteWarmUpProbeSuccess, LastError: ContainerTimeout, LastErrorTimestamp: 06/07/2026 16:55:55, LastErrorDetails: Container did not start within expected time limit of 230s. Please inspect your container logs for more details., Details: Pinging warmup path to ensure container is ready to receive requests., DetailsLevel: INFO
2026-06-07T16:57:44.1216283+00:00 ContainerStream:    _____                               
2026-06-07T16:57:44.1296051+00:00 ContainerStream:   /  _  \ __________ _________   ____  
2026-06-07T16:57:44.1296141+00:00 ContainerStream:  /  /_\  \\___   /  |  \_  __ \_/ __ \ 
2026-06-07T16:57:44.1296167+00:00 ContainerStream: /    |    \/    /|  |  /|  | \/\  ___/ 
2026-06-07T16:57:44.1296181+00:00 ContainerStream: \____|__  /_____ \____/ |__|    \___  >
2026-06-07T16:57:44.1296194+00:00 ContainerStream:         \/      \/                  \/ 
2026-06-07T16:57:44.1296207+00:00 ContainerStream: A P P   S E R V I C E   O N   L I N U X
2026-06-07T16:57:44.1296218+00:00 ContainerStream: 
2026-06-07T16:57:44.1296262+00:00 ContainerStream: Documentation     : https://aka.ms/webapp-linux
2026-06-07T16:57:44.1296280+00:00 ContainerStream: Python quickstart : https://aka.ms/python-qs
2026-06-07T16:57:44.1297032+00:00 ContainerStream: Python version    : 3.12.13
2026-06-07T16:57:44.1297059+00:00 ContainerStream: Instance name     : lw1sdlwk0000D8
2026-06-07T16:57:44.1297081+00:00 ContainerStream: Instance id       : f8c5d35a462fcd87923beccccb19f9d3c0e35bc47dd6274950bc1dd66bc38d1e
2026-06-07T16:57:44.1297092+00:00 ContainerStream: 
2026-06-07T16:57:44.1297105+00:00 ContainerStream: App port          : 8000
2026-06-07T16:57:44.1297118+00:00 ContainerStream: Port selected by  : Default for this image
2026-06-07T16:57:44.1297132+00:00 ContainerStream: (Learn more about the PORT appsetting https://aka.ms/webapp-python-settings)
2026-06-07T16:57:44.1297142+00:00 ContainerStream: 
2026-06-07T16:57:44.1297155+00:00 ContainerStream: Note: Any data outside '/home' is not persisted
2026-06-07T16:57:44.1297166+00:00 ContainerStream: 
2026-06-07T16:57:44.1297190+00:00 ContainerStream: ────────────────────────────────────────────────────────────────
2026-06-07T16:57:44.1297215+00:00 ContainerStream:  Run 'apphelp' for available commands and aliases.
2026-06-07T16:57:44.1297229+00:00 ContainerStream:  Run 'install-nettools' to install networking utilities.
2026-06-07T16:57:44.1297248+00:00 ContainerStream: ────────────────────────────────────────────────────────────────
2026-06-07T16:57:44.8504387+00:00 ContainerStream: Starting OpenBSD Secure Shell server: sshd.
2026-06-07T16:57:44.8691003+00:00 ContainerStream: WEBSITES_INCLUDE_CLOUD_CERTS is not set to true.
2026-06-07T16:57:44.8989079+00:00 ContainerStream: Updating certificates in /etc/ssl/certs...
2026-06-07T16:57:57.5027271+00:00 ContainerStream: rehash: warning: skipping ca-certificates.crt,it does not contain exactly one certificate or CRL
2026-06-07T16:57:57.5413800+00:00 ContainerStream: rehash: warning: skipping duplicate certificate in azl_SSL.com_TLS_RSA_Root_CA_2022.pem
2026-06-07T16:57:57.5502414+00:00 ContainerStream: rehash: warning: skipping duplicate certificate in azl_SSL.com_TLS_ECC_Root_CA_2022.pem
2026-06-07T16:57:57.5807180+00:00 ContainerStream: 4 added, 0 removed; done.
2026-06-07T16:57:57.5813351+00:00 ContainerStream: Running hooks in /etc/ca-certificates/update.d...
2026-06-07T16:57:57.5905792+00:00 ContainerStream: done.
2026-06-07T16:57:57.6120077+00:00 ContainerStream: CA certificates copied and updated successfully.
2026-06-07T16:57:57.6821522+00:00 ContainerStream: Site's appCommandLine: uvicorn app.main:app --host 0.0.0.0 --port 8000
2026-06-07T16:57:57.8796478+00:00 ContainerStream: Starting periodic command scheduler: cron.
2026-06-07T16:57:57.8796717+00:00 ContainerStream: Launching oryx with: create-script -appPath /home/site/wwwroot -output /opt/startup/startup.sh -virtualEnvName antenv -defaultApp /opt/defaultsite -userStartupCommand 'uvicorn app.main:app --host 0.0.0.0 --port 8000'
2026-06-07T16:57:57.9997174+00:00 ContainerStream: Could not find build manifest file at '/home/site/wwwroot/oryx-manifest.toml'
2026-06-07T16:57:58.0003951+00:00 ContainerStream: Could not find operation ID in manifest. Generating an operation id...
2026-06-07T16:57:58.0009381+00:00 ContainerStream: Build Operation ID: 8c9b5fbf-b568-4ed9-a045-4200f776bcae
2026-06-07T16:57:58.3404860+00:00 ContainerStream: Oryx Version: 0.2.20260504.2, Commit: a776ec9f2fd225b305599e35443ecb3533bcdb26, ReleaseTagName: 20260504.2
2026-06-07T16:57:58.3999678+00:00 ContainerStream: Writing output script to '/opt/startup/startup.sh'
2026-06-07T16:57:58.4602373+00:00 ContainerStream: WARNING: Could not find virtual environment directory /home/site/wwwroot/antenv.
2026-06-07T16:57:58.4610236+00:00 ContainerStream: WARNING: Could not find package directory /home/site/wwwroot/__oryx_packages__.
2026-06-07T16:57:58.4618924+00:00 ContainerStream: /opt/startup/startup.sh: 23: uvicorn: not found
2026-06-07T16:57:58.4900205+00:00 ContainerStatus: Container has finished running with exit code: 127.
2026-06-07T16:57:58.4902053+00:00 ContainerStatus: Container is terminating. Grace period: 5 seconds.
2026-06-07T16:57:58.4913567+00:00 ContainerStatus: Stop and delete container. Retry count = 0
2026-06-07T16:57:58.4914376+00:00 ContainerStatus: Stopping container: 6710b5f0b8d0_registration-bot-app.
2026-06-07T16:57:58.5818909+00:00 ContainerStatus: Deleting container: 6710b5f0b8d0_registration-bot-app. Retry count = 0
2026-06-07T16:57:58.7510261+00:00 ContainerStatus: Container spec TerminationMessagePolicy  path 
2026-06-07T16:57:58.7517273+00:00 ContainerStatus: Container is terminated. Total time elapsed: 260 ms.
2026-06-07T16:57:58.7699974+00:00 ContainerStatus: Site container: registration-bot-app terminated during site startup.
2026-06-07T16:57:58.7700974+00:00 ContainerStatus: State: Stopping, Action: CancellingStartup, LastError: ContainerTimeout, LastErrorTimestamp: 06/07/2026 16:55:55, LastErrorDetails: Container did not start within expected time limit of 230s. Please inspect your container logs for more details., Details: Site container: registration-bot-app terminated during site startup. Cancelling site startup., DetailsLevel: ERR
2026-06-07T16:57:58.7818099+00:00 ContainerStatus: Site startup probe failed after 14.7700825 seconds.
2026-06-07T16:57:58.9004653+00:00 ContainerStatus: State: Stopping, Action: CancellingStartup, LastError: ContainerTimeout, LastErrorTimestamp: 06/07/2026 16:57:58, LastErrorDetails: Container did not start within expected time limit of 230s. Please inspect your container logs for more details., Details: Site container: registration-bot-app terminated during site startup. Cancelling site startup., DetailsLevel: ERR
2026-06-07T16:57:58.9200841+00:00 ContainerStatus: Failed to start site. Revert by stopping site.
2026-06-07T16:57:58.9202273+00:00 ContainerStatus: State: Stopping, Action: StoppingSite, LastError: ContainerTimeout, LastErrorTimestamp: 06/07/2026 16:57:58, LastErrorDetails: Container did not start within expected time limit of 230s. Please inspect your container logs for more details., Details: Site container: registration-bot-app terminated during site startup. Cancelling site startup., DetailsLevel: ERR
2026-06-07T16:57:58.9208426+00:00 ContainerStatus: State: Stopping, Action: StoppingSiteContainers, LastError: ContainerTimeout, LastErrorTimestamp: 06/07/2026 16:57:58, LastErrorDetails: Container did not start within expected time limit of 230s. Please inspect your container logs for more details., Details: Site container: registration-bot-app terminated during site startup. Cancelling site startup., DetailsLevel: ERR
2026-06-07T16:57:59.2234666+00:00 ContainerStatus: Site container: registration-bot-app_managedIdentity terminated during site startup.
2026-06-07T16:57:59.2239642+00:00 ContainerStatus: State: Stopping, Action: StoppingSiteContainers, LastError: ContainerTimeout, LastErrorTimestamp: 06/07/2026 16:57:58, LastErrorDetails: Container did not start within expected time limit of 230s. Please inspect your container logs for more details., Details: Site container: registration-bot-app terminated during site startup. Cancelling site startup., DetailsLevel: ERR
2026-06-07T16:57:59.2242698+00:00 ContainerStatus: Site: registration-bot-app stopped.
========== New Cold Start Attempt (2026-06-07T16:57:59.2335444+00:00) ==========
2026-06-07T16:57:59.2335444+00:00 ContainerStatus: State: Stopping, Action: UnmountingVolumes, LastError: ContainerTimeout, LastErrorTimestamp: 06/07/2026 16:57:58, LastErrorDetails: Container did not start within expected time limit of 230s. Please inspect your container logs for more details., Details: Site container: registration-bot-app terminated during site startup. Cancelling site startup., DetailsLevel: ERR
2026-06-07T16:57:59.5324768+00:00 ContainerStatus: State: Stopping, Action: StoppingSiteNetworks, LastError: ContainerTimeout, LastErrorTimestamp: 06/07/2026 16:57:58, LastErrorDetails: Container did not start within expected time limit of 230s. Please inspect your container logs for more details., Details: Site container: registration-bot-app terminated during site startup. Cancelling site startup., DetailsLevel: ERR
2026-06-07T16:57:59.7724297+00:00 ContainerStatus: Site: registration-bot-app will be blocked for 1 minutes till 06/07/2026 16:58:59
2026-06-07T16:57:59.7726140+00:00 ContainerStatus: State: Blocked, Action: StoppingSiteNetworks, LastError: ContainerTimeout, LastErrorTimestamp: 06/07/2026 16:57:58, LastErrorDetails: Container did not start within expected time limit of 230s. Please inspect your container logs for more details., Details: Site: registration-bot-app will be blocked for 1 minutes till 06/07/2026 16:58:59, DetailsLevel: WARN
2026-06-07T16:57:59.7940607+00:00 ContainerStatus: State: Stopped, Action: None, LastError: ContainerTimeout, LastErrorTimestamp: 06/07/2026 16:57:58, LastErrorDetails: Container did not start within expected time limit of 230s. Please inspect your container logs for more details., Details: Site stopped at 06/07/2026 16:57:59 (UTC), DetailsLevel: WARN
2026-06-07T16:58:00.2651426+00:00 ContainerStatus: State: Stopped, Action: None, LastError: ContainerTimeout, LastErrorTimestamp: 06/07/2026 16:57:58, LastErrorDetails: Container did not start within expected time limit of 230s. Please inspect your container logs for more details., Details: Site stopped at 06/07/2026 16:57:59 (UTC), DetailsLevel: WARN
2026-06-07T16:58:59.7767605+00:00 ContainerStatus: Site: registration-bot-app is unblocked.
2026-06-07T16:59:54.3604537+00:00 ContainerStatus: State: Starting, Action: EstablishingSiteNetworks, LastError: ContainerTimeout, LastErrorTimestamp: 06/07/2026 16:57:58, LastErrorDetails: Container did not start within expected time limit of 230s. Please inspect your container logs for more details., Details: Site stopped at 06/07/2026 16:57:59 (UTC), DetailsLevel: WARN
2026-06-07T16:59:56.0265678+00:00 ContainerStatus: State: Starting, Action: StartingMsiContainer, LastError: ContainerTimeout, LastErrorTimestamp: 06/07/2026 16:57:58, LastErrorDetails: Container did not start within expected time limit of 230s. Please inspect your container logs for more details., Details: Site stopped at 06/07/2026 16:57:59 (UTC), DetailsLevel: WARN
2026-06-07T17:00:03.7613594+00:00 ContainerStatus: State: Starting, Action: StartingSiteContainers, LastError: ContainerTimeout, LastErrorTimestamp: 06/07/2026 16:57:58, LastErrorDetails: Container did not start within expected time limit of 230s. Please inspect your container logs for more details., Details: Site stopped at 06/07/2026 16:57:59 (UTC), DetailsLevel: WARN
2026-06-07T17:00:03.7614315+00:00 ContainerStatus: Container start method called.
2026-06-07T17:00:03.7614613+00:00 ContainerStatus: State: Starting, Action: PullingImage, LastError: ContainerTimeout, LastErrorTimestamp: 06/07/2026 16:57:58, LastErrorDetails: Container did not start within expected time limit of 230s. Please inspect your container logs for more details., Details: Pulling image 10.1.0.4:13209/appsvc/python:3.12_20260504.4.tuxprod for registration-bot-app., DetailsLevel: INFO
2026-06-07T17:00:03.7615159+00:00 ContainerStatus: Establishing network.
2026-06-07T17:00:03.7615716+00:00 ContainerStatus: Pulling image: appsvc/python:3.12_20260504.4.tuxprod.
2026-06-07T17:00:04.1609332+00:00 ContainerStatus: Container is starting.
2026-06-07T17:00:04.1611906+00:00 ContainerStatus: State: Starting, Action: MountingVolumes, LastError: ContainerTimeout, LastErrorTimestamp: 06/07/2026 16:57:58, LastErrorDetails: Container did not start within expected time limit of 230s. Please inspect your container logs for more details., Details: Mounting volumes for registration-bot-app., DetailsLevel: INFO
2026-06-07T17:00:04.1613131+00:00 ContainerStatus: Establishing user namespace if not established already.
2026-06-07T17:00:04.1613883+00:00 ContainerStatus: Establishing network if not established already.
2026-06-07T17:00:04.1614725+00:00 ContainerStatus: Mounting volumes.
2026-06-07T17:00:04.1616182+00:00 ContainerStatus: Nested mountpoint 
2026-06-07T17:00:04.2292846+00:00 ContainerStatus: Nested mountpoint volatile/logs
2026-06-07T17:00:04.2502078+00:00 ContainerStatus: Nested mountpoint 
2026-06-07T17:00:04.2510068+00:00 ContainerStatus: Nested mountpoint 
2026-06-07T17:00:04.2692159+00:00 ContainerStatus: Nested mountpoint 
2026-06-07T17:00:04.6995672+00:00 ContainerStatus: State: Starting, Action: CreatingContainer, LastError: ContainerTimeout, LastErrorTimestamp: 06/07/2026 16:57:58, LastErrorDetails: Container did not start within expected time limit of 230s. Please inspect your container logs for more details., Details: Finished pulling container image and mounting volumes for registration-bot-app. Allocatinng the rest of the container resources to finish container creation., DetailsLevel: INFO
2026-06-07T17:00:04.7094820+00:00 ContainerStatus: Creating container.
2026-06-07T17:00:04.7096387+00:00 ContainerStatus: Creating pipes for streaming container io.
2026-06-07T17:00:04.7103785+00:00 ContainerStatus: Creating stdout named pipe at /podr/container/pipe/3b17465c27fd_registration-bot-app/stdout_c8447fdb67c64f778c92e5da2cb18d60.
2026-06-07T17:00:04.7105788+00:00 ContainerStatus: Successfully created stdout named pipe at: /podr/container/pipe/3b17465c27fd_registration-bot-app/stdout_c8447fdb67c64f778c92e5da2cb18d60.
2026-06-07T17:00:04.7107018+00:00 ContainerStatus: Opening named pipe /podr/container/pipe/3b17465c27fd_registration-bot-app/stdout_c8447fdb67c64f778c92e5da2cb18d60 for reading in non-blocking mode.
2026-06-07T17:00:04.7107916+00:00 ContainerStatus: Successfully opened named pipe: /podr/container/pipe/3b17465c27fd_registration-bot-app/stdout_c8447fdb67c64f778c92e5da2cb18d60.
2026-06-07T17:00:04.7108612+00:00 ContainerStatus: Successfully removed non-blocking flag from /podr/container/pipe/3b17465c27fd_registration-bot-app/stdout_c8447fdb67c64f778c92e5da2cb18d60.
2026-06-07T17:00:04.7196749+00:00 ContainerStatus: Creating stderr named pipe at /podr/container/pipe/3b17465c27fd_registration-bot-app/stderr_6197b2a30a124fe7814a672d729c4e28.
2026-06-07T17:00:04.7199152+00:00 ContainerStatus: Successfully created stderr named pipe at: /podr/container/pipe/3b17465c27fd_registration-bot-app/stderr_6197b2a30a124fe7814a672d729c4e28.
2026-06-07T17:00:04.7200862+00:00 ContainerStatus: Opening named pipe /podr/container/pipe/3b17465c27fd_registration-bot-app/stderr_6197b2a30a124fe7814a672d729c4e28 for reading in non-blocking mode.
2026-06-07T17:00:04.7210208+00:00 ContainerStatus: Successfully opened named pipe: /podr/container/pipe/3b17465c27fd_registration-bot-app/stderr_6197b2a30a124fe7814a672d729c4e28.
2026-06-07T17:00:04.7212203+00:00 ContainerStatus: Successfully removed non-blocking flag from /podr/container/pipe/3b17465c27fd_registration-bot-app/stderr_6197b2a30a124fe7814a672d729c4e28.
2026-06-07T17:00:04.7394576+00:00 ContainerStatus: Creating container with image: appsvc/python:3.12_20260504.4.tuxprod from registry: 10.1.0.4:13209 and fully qualified image name: 10.1.0.4:13209/appsvc/python:3.12_20260504.4.tuxprod
2026-06-07T17:00:05.5414912+00:00 ContainerStatus: Starting container: 3b17465c27fd_registration-bot-app.
2026-06-07T17:00:05.6088585+00:00 ContainerStatus: Starting watchers and probes.
2026-06-07T17:00:05.6101907+00:00 ContainerStatus: Starting metrics collection.
2026-06-07T17:00:05.6112862+00:00 ContainerStatus: Container is running.
2026-06-07T17:00:05.6113755+00:00 ContainerStatus: State: Starting, Action: CreatingContainer, LastError: ContainerTimeout, LastErrorTimestamp: 06/07/2026 16:57:58, LastErrorDetails: Container did not start within expected time limit of 230s. Please inspect your container logs for more details., Details: Container registration-bot-app successfully created and is running., DetailsLevel: INFO
2026-06-07T17:00:05.8103833+00:00 ContainerStatus: Container start method finished after 2048 ms.
2026-06-07T17:00:05.8104990+00:00 ContainerStatus: State: Starting, Action: InitiatingSiteWarmUpProbe, LastError: ContainerTimeout, LastErrorTimestamp: 06/07/2026 16:57:58, LastErrorDetails: Container did not start within expected time limit of 230s. Please inspect your container logs for more details., Details: Container registration-bot-app successfully created and is running., DetailsLevel: INFO
2026-06-07T17:00:05.8188790+00:00 ContainerStatus: State: Starting, Action: WaitingForSiteWarmUpProbeSuccess, LastError: ContainerTimeout, LastErrorTimestamp: 06/07/2026 16:57:58, LastErrorDetails: Container did not start within expected time limit of 230s. Please inspect your container logs for more details., Details: Pinging warmup path to ensure container is ready to receive requests., DetailsLevel: INFO
2026-06-07T17:00:06.1106000+00:00 ContainerStream:    _____                               
2026-06-07T17:00:06.1107668+00:00 ContainerStream:   /  _  \ __________ _________   ____  
2026-06-07T17:00:06.1107692+00:00 ContainerStream:  /  /_\  \\___   /  |  \_  __ \_/ __ \ 
2026-06-07T17:00:06.1107704+00:00 ContainerStream: /    |    \/    /|  |  /|  | \/\  ___/ 
2026-06-07T17:00:06.1107715+00:00 ContainerStream: \____|__  /_____ \____/ |__|    \___  >
2026-06-07T17:00:06.1107726+00:00 ContainerStream:         \/      \/                  \/ 
2026-06-07T17:00:06.1107738+00:00 ContainerStream: A P P   S E R V I C E   O N   L I N U X
2026-06-07T17:00:06.1107749+00:00 ContainerStream: 
2026-06-07T17:00:06.1107761+00:00 ContainerStream: Documentation     : https://aka.ms/webapp-linux
2026-06-07T17:00:06.1107773+00:00 ContainerStream: Python quickstart : https://aka.ms/python-qs
2026-06-07T17:00:06.1107785+00:00 ContainerStream: Python version    : 3.12.13
2026-06-07T17:00:06.1107797+00:00 ContainerStream: Instance name     : lw1sdlwk0000D8
2026-06-07T17:00:06.1107826+00:00 ContainerStream: Instance id       : f8c5d35a462fcd87923beccccb19f9d3c0e35bc47dd6274950bc1dd66bc38d1e
2026-06-07T17:00:06.1107838+00:00 ContainerStream: 
2026-06-07T17:00:06.1107850+00:00 ContainerStream: App port          : 8000
2026-06-07T17:00:06.1107864+00:00 ContainerStream: Port selected by  : Default for this image
2026-06-07T17:00:06.1107878+00:00 ContainerStream: (Learn more about the PORT appsetting https://aka.ms/webapp-python-settings)
2026-06-07T17:00:06.1107888+00:00 ContainerStream: 
2026-06-07T17:00:06.1107901+00:00 ContainerStream: Note: Any data outside '/home' is not persisted
2026-06-07T17:00:06.1107912+00:00 ContainerStream: 
2026-06-07T17:00:06.1107939+00:00 ContainerStream: ────────────────────────────────────────────────────────────────
2026-06-07T17:00:06.1107998+00:00 ContainerStream:  Run 'apphelp' for available commands and aliases.
2026-06-07T17:00:06.1108013+00:00 ContainerStream:  Run 'install-nettools' to install networking utilities.
2026-06-07T17:00:06.1108046+00:00 ContainerStream: ────────────────────────────────────────────────────────────────
2026-06-07T17:00:10.3807223+00:00 ContainerStream: Starting OpenBSD Secure Shell server: sshd.
2026-06-07T17:00:10.3928018+00:00 ContainerStream: WEBSITES_INCLUDE_CLOUD_CERTS is not set to true.
2026-06-07T17:00:10.4323682+00:00 ContainerStream: Updating certificates in /etc/ssl/certs...
2026-06-07T17:00:20.7247631+00:00 ContainerStream: rehash: warning: skipping ca-certificates.crt,it does not contain exactly one certificate or CRL
2026-06-07T17:00:20.8243055+00:00 ContainerStream: rehash: warning: skipping duplicate certificate in azl_SSL.com_TLS_RSA_Root_CA_2022.pem
2026-06-07T17:00:20.8836156+00:00 ContainerStream: rehash: warning: skipping duplicate certificate in azl_SSL.com_TLS_ECC_Root_CA_2022.pem
2026-06-07T17:00:20.9652072+00:00 ContainerStream: 4 added, 0 removed; done.
2026-06-07T17:00:20.9749995+00:00 ContainerStream: Running hooks in /etc/ca-certificates/update.d...
2026-06-07T17:00:20.9750137+00:00 ContainerStream: done.
2026-06-07T17:00:21.0048565+00:00 ContainerStream: CA certificates copied and updated successfully.
2026-06-07T17:00:21.0948920+00:00 ContainerStream: Site's appCommandLine: uvicorn app.main:app --host 0.0.0.0 --port 8000
2026-06-07T17:00:21.3244191+00:00 ContainerStream: Starting periodic command scheduler: cron.
2026-06-07T17:00:21.3340136+00:00 ContainerStream: Launching oryx with: create-script -appPath /home/site/wwwroot -output /opt/startup/startup.sh -virtualEnvName antenv -defaultApp /opt/defaultsite -userStartupCommand 'uvicorn app.main:app --host 0.0.0.0 --port 8000'
2026-06-07T17:00:21.5150794+00:00 ContainerStream: Could not find build manifest file at '/home/site/wwwroot/oryx-manifest.toml'
2026-06-07T17:00:21.5233265+00:00 ContainerStream: Could not find operation ID in manifest. Generating an operation id...
2026-06-07T17:00:21.5233432+00:00 ContainerStream: Build Operation ID: 3f72fc9b-a370-4b56-bfb9-b776f127ca42
2026-06-07T17:00:21.8122415+00:00 ContainerStream: Oryx Version: 0.2.20260504.2, Commit: a776ec9f2fd225b305599e35443ecb3533bcdb26, ReleaseTagName: 20260504.2
2026-06-07T17:00:21.8540699+00:00 ContainerStream: Writing output script to '/opt/startup/startup.sh'
2026-06-07T17:00:21.9321589+00:00 ContainerStream: WARNING: Could not find virtual environment directory /home/site/wwwroot/antenv.
2026-06-07T17:00:21.9327792+00:00 ContainerStream: WARNING: Could not find package directory /home/site/wwwroot/__oryx_packages__.
2026-06-07T17:00:21.9333773+00:00 ContainerStream: /opt/startup/startup.sh: 23: uvicorn: not found
2026-06-07T17:00:21.9541264+00:00 ContainerStatus: Container has finished running with exit code: 127.
2026-06-07T17:00:21.9544054+00:00 ContainerStatus: Container is terminating. Grace period: 5 seconds.
2026-06-07T17:00:21.9732567+00:00 ContainerStatus: Stop and delete container. Retry count = 0
2026-06-07T17:00:21.9733359+00:00 ContainerStatus: Stopping container: 3b17465c27fd_registration-bot-app.
2026-06-07T17:00:22.0318344+00:00 ContainerStatus: Deleting container: 3b17465c27fd_registration-bot-app. Retry count = 0
2026-06-07T17:00:22.1632749+00:00 ContainerStatus: Container spec TerminationMessagePolicy  path 
2026-06-07T17:00:22.1636184+00:00 ContainerStatus: Container is terminated. Total time elapsed: 208 ms.
2026-06-07T17:00:22.1638740+00:00 ContainerStatus: Site container: registration-bot-app terminated during site startup.
2026-06-07T17:00:22.1641625+00:00 ContainerStatus: State: Stopping, Action: CancellingStartup, LastError: ContainerTimeout, LastErrorTimestamp: 06/07/2026 16:57:58, LastErrorDetails: Container did not start within expected time limit of 230s. Please inspect your container logs for more details., Details: Site container: registration-bot-app terminated during site startup. Cancelling site startup., DetailsLevel: ERR
2026-06-07T17:00:22.1936170+00:00 ContainerStatus: Site startup probe failed after 16.3743676 seconds.
2026-06-07T17:00:22.3032417+00:00 ContainerStatus: State: Stopping, Action: CancellingStartup, LastError: ContainerTimeout, LastErrorTimestamp: 06/07/2026 17:00:22, LastErrorDetails: Container did not start within expected time limit of 230s. Please inspect your container logs for more details., Details: Site container: registration-bot-app terminated during site startup. Cancelling site startup., DetailsLevel: ERR
2026-06-07T17:00:22.3039538+00:00 ContainerStatus: Failed to start site. Revert by stopping site.
2026-06-07T17:00:22.3122200+00:00 ContainerStatus: State: Stopping, Action: StoppingSite, LastError: ContainerTimeout, LastErrorTimestamp: 06/07/2026 17:00:22, LastErrorDetails: Container did not start within expected time limit of 230s. Please inspect your container logs for more details., Details: Site container: registration-bot-app terminated during site startup. Cancelling site startup., DetailsLevel: ERR
2026-06-07T17:00:22.3145850+00:00 ContainerStatus: State: Stopping, Action: StoppingSiteContainers, LastError: ContainerTimeout, LastErrorTimestamp: 06/07/2026 17:00:22, LastErrorDetails: Container did not start within expected time limit of 230s. Please inspect your container logs for more details., Details: Site container: registration-bot-app terminated during site startup. Cancelling site startup., DetailsLevel: ERR
2026-06-07T17:00:22.6029771+00:00 ContainerStatus: Site container: registration-bot-app_managedIdentity terminated during site startup.
2026-06-07T17:00:22.6030450+00:00 ContainerStatus: State: Stopping, Action: StoppingSiteContainers, LastError: ContainerTimeout, LastErrorTimestamp: 06/07/2026 17:00:22, LastErrorDetails: Container did not start within expected time limit of 230s. Please inspect your container logs for more details., Details: Site container: registration-bot-app terminated during site startup. Cancelling site startup., DetailsLevel: ERR
2026-06-07T17:00:22.6031272+00:00 ContainerStatus: Site: registration-bot-app stopped.
========== New Cold Start Attempt (2026-06-07T17:03:50.4763115+00:00) ==========
2026-06-07T17:03:50.4763115+00:00 ContainerStatus: State: Starting, Action: EstablishingSiteNetworks, LastError: ContainerTimeout, LastErrorTimestamp: 06/07/2026 17:00:22, LastErrorDetails: Container did not start within expected time limit of 230s. Please inspect your container logs for more details., Details: Site stopped at 06/07/2026 17:00:23 (UTC), DetailsLevel: WARN
2026-06-07T17:03:51.9481843+00:00 ContainerStatus: State: Starting, Action: StartingMsiContainer, LastError: ContainerTimeout, LastErrorTimestamp: 06/07/2026 17:00:22, LastErrorDetails: Container did not start within expected time limit of 230s. Please inspect your container logs for more details., Details: Site stopped at 06/07/2026 17:00:23 (UTC), DetailsLevel: WARN
2026-06-07T17:03:58.4810677+00:00 ContainerStatus: State: Starting, Action: StartingSiteContainers, LastError: ContainerTimeout, LastErrorTimestamp: 06/07/2026 17:00:22, LastErrorDetails: Container did not start within expected time limit of 230s. Please inspect your container logs for more details., Details: Site stopped at 06/07/2026 17:00:23 (UTC), DetailsLevel: WARN
2026-06-07T17:03:58.4816511+00:00 ContainerStatus: Container start method called.
2026-06-07T17:03:58.4819103+00:00 ContainerStatus: State: Starting, Action: PullingImage, LastError: ContainerTimeout, LastErrorTimestamp: 06/07/2026 17:00:22, LastErrorDetails: Container did not start within expected time limit of 230s. Please inspect your container logs for more details., Details: Pulling image 10.1.0.5:13209/appsvc/python:3.12_20260504.4.tuxprod for registration-bot-app., DetailsLevel: INFO
2026-06-07T17:03:58.4821763+00:00 ContainerStatus: Establishing network.
2026-06-07T17:03:58.5000038+00:00 ContainerStatus: Pulling image: appsvc/python:3.12_20260504.4.tuxprod.
2026-06-07T17:03:58.7047698+00:00 ContainerStatus: Container is starting.
2026-06-07T17:03:58.7118491+00:00 ContainerStatus: State: Starting, Action: MountingVolumes, LastError: ContainerTimeout, LastErrorTimestamp: 06/07/2026 17:00:22, LastErrorDetails: Container did not start within expected time limit of 230s. Please inspect your container logs for more details., Details: Mounting volumes for registration-bot-app., DetailsLevel: INFO
2026-06-07T17:03:58.7119692+00:00 ContainerStatus: Establishing user namespace if not established already.
2026-06-07T17:03:58.7122405+00:00 ContainerStatus: Establishing network if not established already.
2026-06-07T17:03:58.7123451+00:00 ContainerStatus: Mounting volumes.
2026-06-07T17:03:58.7124751+00:00 ContainerStatus: Nested mountpoint 
2026-06-07T17:03:58.7533719+00:00 ContainerStatus: Nested mountpoint volatile/logs
2026-06-07T17:03:58.7720254+00:00 ContainerStatus: Nested mountpoint 
2026-06-07T17:03:58.7724258+00:00 ContainerStatus: Nested mountpoint 
2026-06-07T17:03:58.7919626+00:00 ContainerStatus: Nested mountpoint 
2026-06-07T17:03:59.0833235+00:00 ContainerStatus: State: Starting, Action: CreatingContainer, LastError: ContainerTimeout, LastErrorTimestamp: 06/07/2026 17:00:22, LastErrorDetails: Container did not start within expected time limit of 230s. Please inspect your container logs for more details., Details: Finished pulling container image and mounting volumes for registration-bot-app. Allocatinng the rest of the container resources to finish container creation., DetailsLevel: INFO
2026-06-07T17:03:59.0833981+00:00 ContainerStatus: Creating container.
2026-06-07T17:03:59.0834509+00:00 ContainerStatus: Creating pipes for streaming container io.
2026-06-07T17:03:59.0834988+00:00 ContainerStatus: Creating stdout named pipe at /podr/container/pipe/b4895fc4ded2_registration-bot-app/stdout_8d502660e45f483095da37bc2fe92d6c.
2026-06-07T17:03:59.0836163+00:00 ContainerStatus: Successfully created stdout named pipe at: /podr/container/pipe/b4895fc4ded2_registration-bot-app/stdout_8d502660e45f483095da37bc2fe92d6c.
2026-06-07T17:03:59.0836638+00:00 ContainerStatus: Opening named pipe /podr/container/pipe/b4895fc4ded2_registration-bot-app/stdout_8d502660e45f483095da37bc2fe92d6c for reading in non-blocking mode.
2026-06-07T17:03:59.0837223+00:00 ContainerStatus: Successfully opened named pipe: /podr/container/pipe/b4895fc4ded2_registration-bot-app/stdout_8d502660e45f483095da37bc2fe92d6c.
2026-06-07T17:03:59.0837732+00:00 ContainerStatus: Successfully removed non-blocking flag from /podr/container/pipe/b4895fc4ded2_registration-bot-app/stdout_8d502660e45f483095da37bc2fe92d6c.
2026-06-07T17:03:59.0935206+00:00 ContainerStatus: Creating stderr named pipe at /podr/container/pipe/b4895fc4ded2_registration-bot-app/stderr_953198586cf74643b3c7d6d88190a2e0.
2026-06-07T17:03:59.0936514+00:00 ContainerStatus: Successfully created stderr named pipe at: /podr/container/pipe/b4895fc4ded2_registration-bot-app/stderr_953198586cf74643b3c7d6d88190a2e0.
2026-06-07T17:03:59.0937030+00:00 ContainerStatus: Opening named pipe /podr/container/pipe/b4895fc4ded2_registration-bot-app/stderr_953198586cf74643b3c7d6d88190a2e0 for reading in non-blocking mode.
2026-06-07T17:03:59.0937623+00:00 ContainerStatus: Successfully opened named pipe: /podr/container/pipe/b4895fc4ded2_registration-bot-app/stderr_953198586cf74643b3c7d6d88190a2e0.
2026-06-07T17:03:59.0938134+00:00 ContainerStatus: Successfully removed non-blocking flag from /podr/container/pipe/b4895fc4ded2_registration-bot-app/stderr_953198586cf74643b3c7d6d88190a2e0.
2026-06-07T17:03:59.0938910+00:00 ContainerStatus: Creating container with image: appsvc/python:3.12_20260504.4.tuxprod from registry: 10.1.0.5:13209 and fully qualified image name: 10.1.0.5:13209/appsvc/python:3.12_20260504.4.tuxprod
2026-06-07T17:03:59.4367987+00:00 ContainerStatus: Starting container: b4895fc4ded2_registration-bot-app.
2026-06-07T17:03:59.4691941+00:00 ContainerStatus: Starting watchers and probes.
2026-06-07T17:03:59.4776677+00:00 ContainerStatus: Starting metrics collection.
2026-06-07T17:03:59.4779877+00:00 ContainerStatus: Container is running.
2026-06-07T17:03:59.4865928+00:00 ContainerStatus: State: Starting, Action: CreatingContainer, LastError: ContainerTimeout, LastErrorTimestamp: 06/07/2026 17:00:22, LastErrorDetails: Container did not start within expected time limit of 230s. Please inspect your container logs for more details., Details: Container registration-bot-app successfully created and is running., DetailsLevel: INFO
2026-06-07T17:03:59.5179264+00:00 ContainerStatus: Container start method finished after 1036 ms.
2026-06-07T17:03:59.5180997+00:00 ContainerStatus: State: Starting, Action: InitiatingSiteWarmUpProbe, LastError: ContainerTimeout, LastErrorTimestamp: 06/07/2026 17:00:22, LastErrorDetails: Container did not start within expected time limit of 230s. Please inspect your container logs for more details., Details: Container registration-bot-app successfully created and is running., DetailsLevel: INFO
2026-06-07T17:03:59.5181319+00:00 ContainerStatus: State: Starting, Action: WaitingForSiteWarmUpProbeSuccess, LastError: ContainerTimeout, LastErrorTimestamp: 06/07/2026 17:00:22, LastErrorDetails: Container did not start within expected time limit of 230s. Please inspect your container logs for more details., Details: Pinging warmup path to ensure container is ready to receive requests., DetailsLevel: INFO
2026-06-07T17:03:59.6181555+00:00 ContainerStream:    _____                               
2026-06-07T17:03:59.6182793+00:00 ContainerStream:   /  _  \ __________ _________   ____  
2026-06-07T17:03:59.6182831+00:00 ContainerStream:  /  /_\  \\___   /  |  \_  __ \_/ __ \ 
2026-06-07T17:03:59.6182850+00:00 ContainerStream: /    |    \/    /|  |  /|  | \/\  ___/ 
2026-06-07T17:03:59.6182867+00:00 ContainerStream: \____|__  /_____ \____/ |__|    \___  >
2026-06-07T17:03:59.6182922+00:00 ContainerStream:         \/      \/                  \/ 
2026-06-07T17:03:59.6182941+00:00 ContainerStream: A P P   S E R V I C E   O N   L I N U X
2026-06-07T17:03:59.6182957+00:00 ContainerStream: 
2026-06-07T17:03:59.6182980+00:00 ContainerStream: Documentation     : https://aka.ms/webapp-linux
2026-06-07T17:03:59.6183001+00:00 ContainerStream: Python quickstart : https://aka.ms/python-qs
2026-06-07T17:03:59.6183019+00:00 ContainerStream: Python version    : 3.12.13
2026-06-07T17:03:59.6183036+00:00 ContainerStream: Instance name     : lw1sdlwk0000D8
2026-06-07T17:03:59.6183066+00:00 ContainerStream: Instance id       : f8c5d35a462fcd87923beccccb19f9d3c0e35bc47dd6274950bc1dd66bc38d1e
2026-06-07T17:03:59.6183083+00:00 ContainerStream: 
2026-06-07T17:03:59.6183100+00:00 ContainerStream: App port          : 8000
2026-06-07T17:03:59.6183118+00:00 ContainerStream: Port selected by  : Default for this image
2026-06-07T17:03:59.6183137+00:00 ContainerStream: (Learn more about the PORT appsetting https://aka.ms/webapp-python-settings)
2026-06-07T17:03:59.6183155+00:00 ContainerStream: 
2026-06-07T17:03:59.6183181+00:00 ContainerStream: Note: Any data outside '/home' is not persisted
2026-06-07T17:03:59.6183196+00:00 ContainerStream: 
2026-06-07T17:03:59.6183224+00:00 ContainerStream: ────────────────────────────────────────────────────────────────
2026-06-07T17:03:59.6183246+00:00 ContainerStream:  Run 'apphelp' for available commands and aliases.
2026-06-07T17:03:59.6183264+00:00 ContainerStream:  Run 'install-nettools' to install networking utilities.
2026-06-07T17:03:59.6183288+00:00 ContainerStream: ────────────────────────────────────────────────────────────────
2026-06-07T17:04:00.4097660+00:00 ContainerStream: Starting OpenBSD Secure Shell server: sshd.
2026-06-07T17:04:00.4393279+00:00 ContainerStream: WEBSITES_INCLUDE_CLOUD_CERTS is not set to true.
2026-06-07T17:04:00.4809846+00:00 ContainerStream: Updating certificates in /etc/ssl/certs...
2026-06-07T17:04:12.3799132+00:00 ContainerStream: rehash: warning: skipping ca-certificates.crt,it does not contain exactly one certificate or CRL
2026-06-07T17:04:12.4110225+00:00 ContainerStream: rehash: warning: skipping duplicate certificate in azl_SSL.com_TLS_RSA_Root_CA_2022.pem
2026-06-07T17:04:12.4194304+00:00 ContainerStream: rehash: warning: skipping duplicate certificate in azl_SSL.com_TLS_ECC_Root_CA_2022.pem
2026-06-07T17:04:12.4609442+00:00 ContainerStream: 4 added, 0 removed; done.
2026-06-07T17:04:12.4612050+00:00 ContainerStream: Running hooks in /etc/ca-certificates/update.d...
2026-06-07T17:04:12.4700457+00:00 ContainerStream: done.
2026-06-07T17:04:12.4815246+00:00 ContainerStream: CA certificates copied and updated successfully.
2026-06-07T17:04:12.6415185+00:00 ContainerStream: Site's appCommandLine: gunicorn -w 4 -k uvicorn.workers.UvicornWorker app.main:app
2026-06-07T17:04:12.8712765+00:00 ContainerStream: Starting periodic command scheduler: cron.
2026-06-07T17:04:12.8905236+00:00 ContainerStream: Launching oryx with: create-script -appPath /home/site/wwwroot -output /opt/startup/startup.sh -virtualEnvName antenv -defaultApp /opt/defaultsite -userStartupCommand 'gunicorn -w 4 -k uvicorn.workers.UvicornWorker app.main:app'
2026-06-07T17:04:13.0003439+00:00 ContainerStream: Could not find build manifest file at '/home/site/wwwroot/oryx-manifest.toml'
2026-06-07T17:04:13.0008521+00:00 ContainerStream: Could not find operation ID in manifest. Generating an operation id...
2026-06-07T17:04:13.0014530+00:00 ContainerStream: Build Operation ID: 87a7fe33-cbd0-4610-bd64-3b8c97218e81
2026-06-07T17:04:13.2885059+00:00 ContainerStream: Oryx Version: 0.2.20260504.2, Commit: a776ec9f2fd225b305599e35443ecb3533bcdb26, ReleaseTagName: 20260504.2
2026-06-07T17:04:13.4309526+00:00 ContainerStream: Writing output script to '/opt/startup/startup.sh'
2026-06-07T17:04:13.4903037+00:00 ContainerStream: WARNING: Could not find virtual environment directory /home/site/wwwroot/antenv.
2026-06-07T17:04:13.4912202+00:00 ContainerStream: WARNING: Could not find package directory /home/site/wwwroot/__oryx_packages__.
2026-06-07T17:04:14.8503166+00:00 ContainerStream: 
2026-06-07T17:04:14.8503707+00:00 ContainerStream: Error: class uri 'uvicorn.workers.UvicornWorker' invalid or not found: 
2026-06-07T17:04:14.8503742+00:00 ContainerStream: 
2026-06-07T17:04:14.8503761+00:00 ContainerStream: [Traceback (most recent call last):
2026-06-07T17:04:14.8503786+00:00 ContainerStream:   File "/opt/python/3.12.13/lib/python3.12/site-packages/gunicorn/util.py", line 110, in load_class
2026-06-07T17:04:14.8503856+00:00 ContainerStream:     mod = importlib.import_module('.'.join(components))
2026-06-07T17:04:14.8503877+00:00 ContainerStream:           ^^^^^^^^^^^^^^^^^^^^^^^^^^^^^^^^^^^^^^^^^^^^^
2026-06-07T17:04:14.8503896+00:00 ContainerStream:   File "/opt/python/3.12.13/lib/python3.12/importlib/__init__.py", line 90, in import_module
2026-06-07T17:04:14.8503916+00:00 ContainerStream:     return _bootstrap._gcd_import(name[level:], package, level)
2026-06-07T17:04:14.8503935+00:00 ContainerStream:            ^^^^^^^^^^^^^^^^^^^^^^^^^^^^^^^^^^^^^^^^^^^^^^^^^^^^
2026-06-07T17:04:14.8503954+00:00 ContainerStream:   File "<frozen importlib._bootstrap>", line 1387, in _gcd_import
2026-06-07T17:04:14.8503983+00:00 ContainerStream:   File "<frozen importlib._bootstrap>", line 1360, in _find_and_load
2026-06-07T17:04:14.8504004+00:00 ContainerStream:   File "<frozen importlib._bootstrap>", line 1310, in _find_and_load_unlocked
2026-06-07T17:04:14.8504022+00:00 ContainerStream:   File "<frozen importlib._bootstrap>", line 488, in _call_with_frames_removed
2026-06-07T17:04:14.8504040+00:00 ContainerStream:   File "<frozen importlib._bootstrap>", line 1387, in _gcd_import
2026-06-07T17:04:14.8504058+00:00 ContainerStream:   File "<frozen importlib._bootstrap>", line 1360, in _find_and_load
2026-06-07T17:04:14.8504075+00:00 ContainerStream:   File "<frozen importlib._bootstrap>", line 1324, in _find_and_load_unlocked
2026-06-07T17:04:14.8504107+00:00 ContainerStream: ModuleNotFoundError: No module named 'uvicorn'
2026-06-07T17:04:14.8504124+00:00 ContainerStream: ]
2026-06-07T17:04:14.8512421+00:00 ContainerStream: 
2026-06-07T17:04:15.0416983+00:00 ContainerStatus: Container has finished running with exit code: 1.
2026-06-07T17:04:15.0422343+00:00 ContainerStatus: Container is terminating. Grace period: 5 seconds.
2026-06-07T17:04:15.0496566+00:00 ContainerStatus: Stop and delete container. Retry count = 0
2026-06-07T17:04:15.0497251+00:00 ContainerStatus: Stopping container: b4895fc4ded2_registration-bot-app.
2026-06-07T17:04:15.1132070+00:00 ContainerStatus: Deleting container: b4895fc4ded2_registration-bot-app. Retry count = 0
2026-06-07T17:04:15.2614524+00:00 ContainerStatus: Container spec TerminationMessagePolicy  path 
2026-06-07T17:04:15.2621247+00:00 ContainerStatus: Container is terminated. Total time elapsed: 219 ms.
2026-06-07T17:04:15.2623794+00:00 ContainerStatus: Site container: registration-bot-app terminated during site startup.
2026-06-07T17:04:15.2697371+00:00 ContainerStatus: State: Stopping, Action: CancellingStartup, LastError: ContainerTimeout, LastErrorTimestamp: 06/07/2026 17:00:22, LastErrorDetails: Container did not start within expected time limit of 230s. Please inspect your container logs for more details., Details: Site container: registration-bot-app terminated during site startup. Cancelling site startup., DetailsLevel: ERR
2026-06-07T17:04:15.3413741+00:00 ContainerStatus: Site startup probe failed after 15.8229006 seconds.
2026-06-07T17:04:15.4623800+00:00 ContainerStatus: State: Stopping, Action: CancellingStartup, LastError: ContainerTimeout, LastErrorTimestamp: 06/07/2026 17:04:15, LastErrorDetails: Container did not start within expected time limit of 230s. Please inspect your container logs for more details., Details: Site container: registration-bot-app terminated during site startup. Cancelling site startup., DetailsLevel: ERR
2026-06-07T17:04:15.4935931+00:00 ContainerStatus: Failed to start site. Revert by stopping site.
2026-06-07T17:04:15.5011376+00:00 ContainerStatus: State: Stopping, Action: StoppingSite, LastError: ContainerTimeout, LastErrorTimestamp: 06/07/2026 17:04:15, LastErrorDetails: Container did not start within expected time limit of 230s. Please inspect your container logs for more details., Details: Site container: registration-bot-app terminated during site startup. Cancelling site startup., DetailsLevel: ERR
2026-06-07T17:04:15.5013914+00:00 ContainerStatus: State: Stopping, Action: StoppingSiteContainers, LastError: ContainerTimeout, LastErrorTimestamp: 06/07/2026 17:04:15, LastErrorDetails: Container did not start within expected time limit of 230s. Please inspect your container logs for more details., Details: Site container: registration-bot-app terminated during site startup. Cancelling site startup., DetailsLevel: ERR
2026-06-07T17:04:15.8127573+00:00 ContainerStatus: Site container: registration-bot-app_managedIdentity terminated during site startup.
2026-06-07T17:04:15.8129905+00:00 ContainerStatus: State: Stopping, Action: StoppingSiteContainers, LastError: ContainerTimeout, LastErrorTimestamp: 06/07/2026 17:04:15, LastErrorDetails: Container did not start within expected time limit of 230s. Please inspect your container logs for more details., Details: Site container: registration-bot-app terminated during site startup. Cancelling site startup., DetailsLevel: ERR
2026-06-07T17:04:15.8131199+00:00 ContainerStatus: Site: registration-bot-app stopped.
========== New Cold Start Attempt (2026-06-07T17:04:15.8448619+00:00) ==========
2026-06-07T17:04:15.8448619+00:00 ContainerStatus: State: Stopping, Action: UnmountingVolumes, LastError: ContainerTimeout, LastErrorTimestamp: 06/07/2026 17:04:15, LastErrorDetails: Container did not start within expected time limit of 230s. Please inspect your container logs for more details., Details: Site container: registration-bot-app terminated during site startup. Cancelling site startup., DetailsLevel: ERR
2026-06-07T17:04:16.3080489+00:00 ContainerStatus: State: Stopping, Action: StoppingSiteNetworks, LastError: ContainerTimeout, LastErrorTimestamp: 06/07/2026 17:04:15, LastErrorDetails: Container did not start within expected time limit of 230s. Please inspect your container logs for more details., Details: Site container: registration-bot-app terminated during site startup. Cancelling site startup., DetailsLevel: ERR
2026-06-07T17:04:16.5683919+00:00 ContainerStatus: State: Stopped, Action: None, LastError: ContainerTimeout, LastErrorTimestamp: 06/07/2026 17:04:15, LastErrorDetails: Container did not start within expected time limit of 230s. Please inspect your container logs for more details., Details: Site stopped at 06/07/2026 17:04:16 (UTC), DetailsLevel: ERR
2026-06-07T17:04:16.9196847+00:00 ContainerStatus: State: Stopped, Action: None, LastError: ContainerTimeout, LastErrorTimestamp: 06/07/2026 17:04:15, LastErrorDetails: Container did not start within expected time limit of 230s. Please inspect your container logs for more details., Details: Site stopped at 06/07/2026 17:04:16 (UTC), DetailsLevel: ERR
2026-06-07T17:05:26.6784940+00:00 ContainerStatus: State: Starting, Action: EstablishingSiteNetworks, LastError: ContainerTimeout, LastErrorTimestamp: 06/07/2026 17:04:15, LastErrorDetails: Container did not start within expected time limit of 230s. Please inspect your container logs for more details., Details: Site stopped at 06/07/2026 17:04:16 (UTC), DetailsLevel: ERR
2026-06-07T17:05:28.1989529+00:00 ContainerStatus: State: Starting, Action: StartingMsiContainer, LastError: ContainerTimeout, LastErrorTimestamp: 06/07/2026 17:04:15, LastErrorDetails: Container did not start within expected time limit of 230s. Please inspect your container logs for more details., Details: Site stopped at 06/07/2026 17:04:16 (UTC), DetailsLevel: ERR
2026-06-07T17:05:37.0399285+00:00 ContainerStatus: State: Starting, Action: StartingSiteContainers, LastError: ContainerTimeout, LastErrorTimestamp: 06/07/2026 17:04:15, LastErrorDetails: Container did not start within expected time limit of 230s. Please inspect your container logs for more details., Details: Site stopped at 06/07/2026 17:04:16 (UTC), DetailsLevel: ERR
2026-06-07T17:05:37.0399993+00:00 ContainerStatus: Container start method called.
2026-06-07T17:05:37.0400285+00:00 ContainerStatus: State: Starting, Action: PullingImage, LastError: ContainerTimeout, LastErrorTimestamp: 06/07/2026 17:04:15, LastErrorDetails: Container did not start within expected time limit of 230s. Please inspect your container logs for more details., Details: Pulling image 10.1.0.5:13209/appsvc/python:3.12_20260504.4.tuxprod for registration-bot-app., DetailsLevel: INFO
2026-06-07T17:05:37.0400822+00:00 ContainerStatus: Establishing network.
2026-06-07T17:05:37.0401399+00:00 ContainerStatus: Pulling image: appsvc/python:3.12_20260504.4.tuxprod.
2026-06-07T17:05:37.2521986+00:00 ContainerStatus: Container is starting.
2026-06-07T17:05:37.2525111+00:00 ContainerStatus: State: Starting, Action: MountingVolumes, LastError: ContainerTimeout, LastErrorTimestamp: 06/07/2026 17:04:15, LastErrorDetails: Container did not start within expected time limit of 230s. Please inspect your container logs for more details., Details: Mounting volumes for registration-bot-app., DetailsLevel: INFO
2026-06-07T17:05:37.2527444+00:00 ContainerStatus: Establishing user namespace if not established already.
2026-06-07T17:05:37.2530094+00:00 ContainerStatus: Establishing network if not established already.
2026-06-07T17:05:37.2532668+00:00 ContainerStatus: Mounting volumes.
2026-06-07T17:05:37.2533804+00:00 ContainerStatus: Nested mountpoint 
2026-06-07T17:05:37.2624086+00:00 ContainerStatus: Nested mountpoint volatile/logs
2026-06-07T17:05:37.2737959+00:00 ContainerStatus: Nested mountpoint 
2026-06-07T17:05:37.2824820+00:00 ContainerStatus: Nested mountpoint 
2026-06-07T17:05:37.2838637+00:00 ContainerStatus: Nested mountpoint 
2026-06-07T17:05:37.6328160+00:00 ContainerStatus: State: Starting, Action: CreatingContainer, LastError: ContainerTimeout, LastErrorTimestamp: 06/07/2026 17:04:15, LastErrorDetails: Container did not start within expected time limit of 230s. Please inspect your container logs for more details., Details: Finished pulling container image and mounting volumes for registration-bot-app. Allocatinng the rest of the container resources to finish container creation., DetailsLevel: INFO
2026-06-07T17:05:37.6331071+00:00 ContainerStatus: Creating container.
2026-06-07T17:05:37.6333924+00:00 ContainerStatus: Creating pipes for streaming container io.
2026-06-07T17:05:37.6336616+00:00 ContainerStatus: Creating stdout named pipe at /podr/container/pipe/a5eed56fc246_registration-bot-app/stdout_99499d5fa8fc40c29cc8b2502fad9415.
2026-06-07T17:05:37.6340052+00:00 ContainerStatus: Successfully created stdout named pipe at: /podr/container/pipe/a5eed56fc246_registration-bot-app/stdout_99499d5fa8fc40c29cc8b2502fad9415.
2026-06-07T17:05:37.6415599+00:00 ContainerStatus: Opening named pipe /podr/container/pipe/a5eed56fc246_registration-bot-app/stdout_99499d5fa8fc40c29cc8b2502fad9415 for reading in non-blocking mode.
2026-06-07T17:05:37.6418733+00:00 ContainerStatus: Successfully opened named pipe: /podr/container/pipe/a5eed56fc246_registration-bot-app/stdout_99499d5fa8fc40c29cc8b2502fad9415.
2026-06-07T17:05:37.6421844+00:00 ContainerStatus: Successfully removed non-blocking flag from /podr/container/pipe/a5eed56fc246_registration-bot-app/stdout_99499d5fa8fc40c29cc8b2502fad9415.
2026-06-07T17:05:37.6438902+00:00 ContainerStatus: Creating stderr named pipe at /podr/container/pipe/a5eed56fc246_registration-bot-app/stderr_6bf2c15247d54402801e532e2a7c8649.
2026-06-07T17:05:37.6517314+00:00 ContainerStatus: Successfully created stderr named pipe at: /podr/container/pipe/a5eed56fc246_registration-bot-app/stderr_6bf2c15247d54402801e532e2a7c8649.
2026-06-07T17:05:37.6518760+00:00 ContainerStatus: Opening named pipe /podr/container/pipe/a5eed56fc246_registration-bot-app/stderr_6bf2c15247d54402801e532e2a7c8649 for reading in non-blocking mode.
2026-06-07T17:05:37.6519792+00:00 ContainerStatus: Successfully opened named pipe: /podr/container/pipe/a5eed56fc246_registration-bot-app/stderr_6bf2c15247d54402801e532e2a7c8649.
2026-06-07T17:05:37.6520481+00:00 ContainerStatus: Successfully removed non-blocking flag from /podr/container/pipe/a5eed56fc246_registration-bot-app/stderr_6bf2c15247d54402801e532e2a7c8649.
2026-06-07T17:05:37.6523381+00:00 ContainerStatus: Creating container with image: appsvc/python:3.12_20260504.4.tuxprod from registry: 10.1.0.5:13209 and fully qualified image name: 10.1.0.5:13209/appsvc/python:3.12_20260504.4.tuxprod
2026-06-07T17:05:37.8982766+00:00 ContainerStatus: Starting container: a5eed56fc246_registration-bot-app.
2026-06-07T17:05:37.9526271+00:00 ContainerStatus: Starting watchers and probes.
2026-06-07T17:05:37.9742965+00:00 ContainerStatus: Starting metrics collection.
2026-06-07T17:05:37.9744901+00:00 ContainerStatus: Container is running.
2026-06-07T17:05:37.9745392+00:00 ContainerStatus: State: Starting, Action: CreatingContainer, LastError: ContainerTimeout, LastErrorTimestamp: 06/07/2026 17:04:15, LastErrorDetails: Container did not start within expected time limit of 230s. Please inspect your container logs for more details., Details: Container registration-bot-app successfully created and is running., DetailsLevel: INFO
2026-06-07T17:05:38.1118001+00:00 ContainerStatus: Container start method finished after 1064 ms.
2026-06-07T17:05:38.1125824+00:00 ContainerStatus: State: Starting, Action: InitiatingSiteWarmUpProbe, LastError: ContainerTimeout, LastErrorTimestamp: 06/07/2026 17:04:15, LastErrorDetails: Container did not start within expected time limit of 230s. Please inspect your container logs for more details., Details: Container registration-bot-app successfully created and is running., DetailsLevel: INFO
2026-06-07T17:05:38.1129158+00:00 ContainerStatus: State: Starting, Action: WaitingForSiteWarmUpProbeSuccess, LastError: ContainerTimeout, LastErrorTimestamp: 06/07/2026 17:04:15, LastErrorDetails: Container did not start within expected time limit of 230s. Please inspect your container logs for more details., Details: Pinging warmup path to ensure container is ready to receive requests., DetailsLevel: INFO
2026-06-07T17:05:38.1538649+00:00 ContainerStream:    _____                               
2026-06-07T17:05:38.1538879+00:00 ContainerStream:   /  _  \ __________ _________   ____  
2026-06-07T17:05:38.1538901+00:00 ContainerStream:  /  /_\  \\___   /  |  \_  __ \_/ __ \ 
2026-06-07T17:05:38.1538916+00:00 ContainerStream: /    |    \/    /|  |  /|  | \/\  ___/ 
2026-06-07T17:05:38.1538927+00:00 ContainerStream: \____|__  /_____ \____/ |__|    \___  >
2026-06-07T17:05:38.1538938+00:00 ContainerStream:         \/      \/                  \/ 
2026-06-07T17:05:38.1538979+00:00 ContainerStream: A P P   S E R V I C E   O N   L I N U X
2026-06-07T17:05:38.1538991+00:00 ContainerStream: 
2026-06-07T17:05:38.1539004+00:00 ContainerStream: Documentation     : https://aka.ms/webapp-linux
2026-06-07T17:05:38.1539016+00:00 ContainerStream: Python quickstart : https://aka.ms/python-qs
2026-06-07T17:05:38.1539027+00:00 ContainerStream: Python version    : 3.12.13
2026-06-07T17:05:38.1539039+00:00 ContainerStream: Instance name     : lw1sdlwk0000D8
2026-06-07T17:05:38.1539054+00:00 ContainerStream: Instance id       : f8c5d35a462fcd87923beccccb19f9d3c0e35bc47dd6274950bc1dd66bc38d1e
2026-06-07T17:05:38.1539064+00:00 ContainerStream: 
2026-06-07T17:05:38.1539077+00:00 ContainerStream: App port          : 8000
2026-06-07T17:05:38.1539089+00:00 ContainerStream: Port selected by  : Default for this image
2026-06-07T17:05:38.1539161+00:00 ContainerStream: (Learn more about the PORT appsetting https://aka.ms/webapp-python-settings)
2026-06-07T17:05:38.1539189+00:00 ContainerStream: 
2026-06-07T17:05:38.1539202+00:00 ContainerStream: Note: Any data outside '/home' is not persisted
2026-06-07T17:05:38.1539213+00:00 ContainerStream: 
2026-06-07T17:05:38.1539236+00:00 ContainerStream: ────────────────────────────────────────────────────────────────
2026-06-07T17:05:38.1539249+00:00 ContainerStream:  Run 'apphelp' for available commands and aliases.
2026-06-07T17:05:38.1539262+00:00 ContainerStream:  Run 'install-nettools' to install networking utilities.
2026-06-07T17:05:38.1539280+00:00 ContainerStream: ────────────────────────────────────────────────────────────────
2026-06-07T17:05:38.9526915+00:00 ContainerStream: Starting OpenBSD Secure Shell server: sshd.
2026-06-07T17:05:38.9716045+00:00 ContainerStream: WEBSITES_INCLUDE_CLOUD_CERTS is not set to true.
2026-06-07T17:05:39.0034077+00:00 ContainerStream: Updating certificates in /etc/ssl/certs...
2026-06-07T17:05:49.6367821+00:00 ContainerStream: rehash: warning: skipping ca-certificates.crt,it does not contain exactly one certificate or CRL
2026-06-07T17:05:49.6855285+00:00 ContainerStream: rehash: warning: skipping duplicate certificate in azl_SSL.com_TLS_RSA_Root_CA_2022.pem
2026-06-07T17:05:49.7044398+00:00 ContainerStream: rehash: warning: skipping duplicate certificate in azl_SSL.com_TLS_ECC_Root_CA_2022.pem
2026-06-07T17:05:49.7365027+00:00 ContainerStream: 4 added, 0 removed; done.
2026-06-07T17:05:49.7370895+00:00 ContainerStream: Running hooks in /etc/ca-certificates/update.d...
2026-06-07T17:05:49.7455935+00:00 ContainerStream: done.
2026-06-07T17:05:49.7558736+00:00 ContainerStream: CA certificates copied and updated successfully.
2026-06-07T17:05:49.8249787+00:00 ContainerStream: Site's appCommandLine: gunicorn -w 4 -k uvicorn.workers.UvicornWorker app.main:app
2026-06-07T17:05:50.0157690+00:00 ContainerStream: Starting periodic command scheduler: cron.
2026-06-07T17:05:50.0165772+00:00 ContainerStream: Launching oryx with: create-script -appPath /home/site/wwwroot -output /opt/startup/startup.sh -virtualEnvName antenv -defaultApp /opt/defaultsite -userStartupCommand 'gunicorn -w 4 -k uvicorn.workers.UvicornWorker app.main:app'
2026-06-07T17:05:50.2253348+00:00 ContainerStream: Could not find build manifest file at '/home/site/wwwroot/oryx-manifest.toml'
2026-06-07T17:05:50.2339008+00:00 ContainerStream: Could not find operation ID in manifest. Generating an operation id...
2026-06-07T17:05:50.2345541+00:00 ContainerStream: Build Operation ID: f73d791a-41ad-4f9c-9ab4-ded861dc6bb8
2026-06-07T17:05:50.6457228+00:00 ContainerStream: Oryx Version: 0.2.20260504.2, Commit: a776ec9f2fd225b305599e35443ecb3533bcdb26, ReleaseTagName: 20260504.2
2026-06-07T17:05:50.6953592+00:00 ContainerStream: Writing output script to '/opt/startup/startup.sh'
2026-06-07T17:05:50.7765267+00:00 ContainerStream: WARNING: Could not find virtual environment directory /home/site/wwwroot/antenv.
2026-06-07T17:05:50.7844508+00:00 ContainerStream: WARNING: Could not find package directory /home/site/wwwroot/__oryx_packages__.
2026-06-07T17:05:51.8243875+00:00 ContainerStream: 
2026-06-07T17:05:51.8244270+00:00 ContainerStream: Error: class uri 'uvicorn.workers.UvicornWorker' invalid or not found: 
2026-06-07T17:05:51.8244287+00:00 ContainerStream: 
2026-06-07T17:05:51.8244301+00:00 ContainerStream: [Traceback (most recent call last):
2026-06-07T17:05:51.8244373+00:00 ContainerStream:   File "/opt/python/3.12.13/lib/python3.12/site-packages/gunicorn/util.py", line 110, in load_class
2026-06-07T17:05:51.8244391+00:00 ContainerStream:     mod = importlib.import_module('.'.join(components))
2026-06-07T17:05:51.8244403+00:00 ContainerStream:           ^^^^^^^^^^^^^^^^^^^^^^^^^^^^^^^^^^^^^^^^^^^^^
2026-06-07T17:05:51.8244417+00:00 ContainerStream:   File "/opt/python/3.12.13/lib/python3.12/importlib/__init__.py", line 90, in import_module
2026-06-07T17:05:51.8244433+00:00 ContainerStream:     return _bootstrap._gcd_import(name[level:], package, level)
2026-06-07T17:05:51.8244446+00:00 ContainerStream:            ^^^^^^^^^^^^^^^^^^^^^^^^^^^^^^^^^^^^^^^^^^^^^^^^^^^^
2026-06-07T17:05:51.8244459+00:00 ContainerStream:   File "<frozen importlib._bootstrap>", line 1387, in _gcd_import
2026-06-07T17:05:51.8244472+00:00 ContainerStream:   File "<frozen importlib._bootstrap>", line 1360, in _find_and_load
2026-06-07T17:05:51.8244486+00:00 ContainerStream:   File "<frozen importlib._bootstrap>", line 1310, in _find_and_load_unlocked
2026-06-07T17:05:51.8244501+00:00 ContainerStream:   File "<frozen importlib._bootstrap>", line 488, in _call_with_frames_removed
2026-06-07T17:05:51.8244527+00:00 ContainerStream:   File "<frozen importlib._bootstrap>", line 1387, in _gcd_import
2026-06-07T17:05:51.8244540+00:00 ContainerStream:   File "<frozen importlib._bootstrap>", line 1360, in _find_and_load
2026-06-07T17:05:51.8244554+00:00 ContainerStream:   File "<frozen importlib._bootstrap>", line 1324, in _find_and_load_unlocked
2026-06-07T17:05:51.8244567+00:00 ContainerStream: ModuleNotFoundError: No module named 'uvicorn'
2026-06-07T17:05:51.8244578+00:00 ContainerStream: ]
2026-06-07T17:05:51.8345466+00:00 ContainerStream: 
2026-06-07T17:05:51.9638707+00:00 ContainerStatus: Container has finished running with exit code: 1.
2026-06-07T17:05:51.9648568+00:00 ContainerStatus: Container is terminating. Grace period: 5 seconds.
2026-06-07T17:05:51.9652661+00:00 ContainerStatus: Stop and delete container. Retry count = 0
2026-06-07T17:05:51.9653224+00:00 ContainerStatus: Stopping container: a5eed56fc246_registration-bot-app.
2026-06-07T17:05:52.0158275+00:00 ContainerStatus: Deleting container: a5eed56fc246_registration-bot-app. Retry count = 0
2026-06-07T17:05:52.1748054+00:00 ContainerStatus: Container spec TerminationMessagePolicy  path 
2026-06-07T17:05:52.1750638+00:00 ContainerStatus: Container is terminated. Total time elapsed: 210 ms.
2026-06-07T17:05:52.1751465+00:00 ContainerStatus: Site container: registration-bot-app terminated during site startup.
2026-06-07T17:05:52.1755087+00:00 ContainerStatus: State: Stopping, Action: CancellingStartup, LastError: ContainerTimeout, LastErrorTimestamp: 06/07/2026 17:04:15, LastErrorDetails: Container did not start within expected time limit of 230s. Please inspect your container logs for more details., Details: Site container: registration-bot-app terminated during site startup. Cancelling site startup., DetailsLevel: ERR
2026-06-07T17:05:52.2061792+00:00 ContainerStatus: Site startup probe failed after 14.0924153 seconds.
2026-06-07T17:05:52.3348600+00:00 ContainerStatus: State: Stopping, Action: CancellingStartup, LastError: ContainerTimeout, LastErrorTimestamp: 06/07/2026 17:05:52, LastErrorDetails: Container did not start within expected time limit of 230s. Please inspect your container logs for more details., Details: Site container: registration-bot-app terminated during site startup. Cancelling site startup., DetailsLevel: ERR
2026-06-07T17:05:52.3547660+00:00 ContainerStatus: Failed to start site. Revert by stopping site.
2026-06-07T17:05:52.3555746+00:00 ContainerStatus: State: Stopping, Action: StoppingSite, LastError: ContainerTimeout, LastErrorTimestamp: 06/07/2026 17:05:52, LastErrorDetails: Container did not start within expected time limit of 230s. Please inspect your container logs for more details., Details: Site container: registration-bot-app terminated during site startup. Cancelling site startup., DetailsLevel: ERR
2026-06-07T17:05:52.3558278+00:00 ContainerStatus: State: Stopping, Action: StoppingSiteContainers, LastError: ContainerTimeout, LastErrorTimestamp: 06/07/2026 17:05:52, LastErrorDetails: Container did not start within expected time limit of 230s. Please inspect your container logs for more details., Details: Site container: registration-bot-app terminated during site startup. Cancelling site startup., DetailsLevel: ERR
2026-06-07T17:05:52.6360119+00:00 ContainerStatus: Site container: registration-bot-app_managedIdentity terminated during site startup.
2026-06-07T17:05:52.6364177+00:00 ContainerStatus: State: Stopping, Action: StoppingSiteContainers, LastError: ContainerTimeout, LastErrorTimestamp: 06/07/2026 17:05:52, LastErrorDetails: Container did not start within expected time limit of 230s. Please inspect your container logs for more details., Details: Site container: registration-bot-app terminated during site startup. Cancelling site startup., DetailsLevel: ERR
2026-06-07T17:05:52.6367008+00:00 ContainerStatus: Site: registration-bot-app stopped.
========== New Cold Start Attempt (2026-06-07T17:05:52.6549126+00:00) ==========
2026-06-07T17:05:52.6549126+00:00 ContainerStatus: State: Stopping, Action: UnmountingVolumes, LastError: ContainerTimeout, LastErrorTimestamp: 06/07/2026 17:05:52, LastErrorDetails: Container did not start within expected time limit of 230s. Please inspect your container logs for more details., Details: Site container: registration-bot-app terminated during site startup. Cancelling site startup., DetailsLevel: ERR
2026-06-07T17:05:52.9162364+00:00 ContainerStatus: State: Stopping, Action: StoppingSiteNetworks, LastError: ContainerTimeout, LastErrorTimestamp: 06/07/2026 17:05:52, LastErrorDetails: Container did not start within expected time limit of 230s. Please inspect your container logs for more details., Details: Site container: registration-bot-app terminated during site startup. Cancelling site startup., DetailsLevel: ERR
2026-06-07T17:05:53.0766678+00:00 ContainerStatus: Site: registration-bot-app will be blocked for 1 minutes till 06/07/2026 17:06:53
2026-06-07T17:05:53.0843019+00:00 ContainerStatus: State: Blocked, Action: StoppingSiteNetworks, LastError: ContainerTimeout, LastErrorTimestamp: 06/07/2026 17:05:52, LastErrorDetails: Container did not start within expected time limit of 230s. Please inspect your container logs for more details., Details: Site: registration-bot-app will be blocked for 1 minutes till 06/07/2026 17:06:53, DetailsLevel: WARN
2026-06-07T17:05:53.0845332+00:00 ContainerStatus: State: Stopped, Action: None, LastError: ContainerTimeout, LastErrorTimestamp: 06/07/2026 17:05:52, LastErrorDetails: Container did not start within expected time limit of 230s. Please inspect your container logs for more details., Details: Site stopped at 06/07/2026 17:05:53 (UTC), DetailsLevel: WARN
2026-06-07T17:05:53.6284444+00:00 ContainerStatus: State: Stopped, Action: None, LastError: ContainerTimeout, LastErrorTimestamp: 06/07/2026 17:05:52, LastErrorDetails: Container did not start within expected time limit of 230s. Please inspect your container logs for more details., Details: Site stopped at 06/07/2026 17:05:53 (UTC), DetailsLevel: WARN
2026-06-07T17:06:53.0733043+00:00 ContainerStatus: Site: registration-bot-app is unblocked.
2026-06-07T17:07:15.6619325+00:00 ContainerStatus: State: Starting, Action: EstablishingSiteNetworks, LastError: ContainerTimeout, LastErrorTimestamp: 06/07/2026 17:05:52, LastErrorDetails: Container did not start within expected time limit of 230s. Please inspect your container logs for more details., Details: Site stopped at 06/07/2026 17:05:53 (UTC), DetailsLevel: WARN
2026-06-07T17:07:17.4327384+00:00 ContainerStatus: State: Starting, Action: StartingMsiContainer, LastError: ContainerTimeout, LastErrorTimestamp: 06/07/2026 17:05:52, LastErrorDetails: Container did not start within expected time limit of 230s. Please inspect your container logs for more details., Details: Site stopped at 06/07/2026 17:05:53 (UTC), DetailsLevel: WARN
2026-06-07T17:07:24.0305351+00:00 ContainerStatus: State: Starting, Action: StartingSiteContainers, LastError: ContainerTimeout, LastErrorTimestamp: 06/07/2026 17:05:52, LastErrorDetails: Container did not start within expected time limit of 230s. Please inspect your container logs for more details., Details: Site stopped at 06/07/2026 17:05:53 (UTC), DetailsLevel: WARN
2026-06-07T17:07:24.0479916+00:00 ContainerStatus: Container start method called.
2026-06-07T17:07:24.0480702+00:00 ContainerStatus: State: Starting, Action: PullingImage, LastError: ContainerTimeout, LastErrorTimestamp: 06/07/2026 17:05:52, LastErrorDetails: Container did not start within expected time limit of 230s. Please inspect your container logs for more details., Details: Pulling image 10.1.0.5:13209/appsvc/python:3.12_20260504.4.tuxprod for registration-bot-app., DetailsLevel: INFO
2026-06-07T17:07:24.0481785+00:00 ContainerStatus: Establishing network.
2026-06-07T17:07:24.0482587+00:00 ContainerStatus: Pulling image: appsvc/python:3.12_20260504.4.tuxprod.
2026-06-07T17:07:24.2614945+00:00 ContainerStatus: Container is starting.
2026-06-07T17:07:24.2615713+00:00 ContainerStatus: State: Starting, Action: MountingVolumes, LastError: ContainerTimeout, LastErrorTimestamp: 06/07/2026 17:05:52, LastErrorDetails: Container did not start within expected time limit of 230s. Please inspect your container logs for more details., Details: Mounting volumes for registration-bot-app., DetailsLevel: INFO
2026-06-07T17:07:24.2618467+00:00 ContainerStatus: Establishing user namespace if not established already.
2026-06-07T17:07:24.2619574+00:00 ContainerStatus: Establishing network if not established already.
2026-06-07T17:07:24.2620430+00:00 ContainerStatus: Mounting volumes.
2026-06-07T17:07:24.2621573+00:00 ContainerStatus: Nested mountpoint 
2026-06-07T17:07:24.2727261+00:00 ContainerStatus: Nested mountpoint volatile/logs
2026-06-07T17:07:24.2821310+00:00 ContainerStatus: Nested mountpoint 
2026-06-07T17:07:24.2921687+00:00 ContainerStatus: Nested mountpoint 
2026-06-07T17:07:24.3717016+00:00 ContainerStatus: Nested mountpoint 
2026-06-07T17:07:24.6129496+00:00 ContainerStatus: State: Starting, Action: CreatingContainer, LastError: ContainerTimeout, LastErrorTimestamp: 06/07/2026 17:05:52, LastErrorDetails: Container did not start within expected time limit of 230s. Please inspect your container logs for more details., Details: Finished pulling container image and mounting volumes for registration-bot-app. Allocatinng the rest of the container resources to finish container creation., DetailsLevel: INFO
2026-06-07T17:07:24.6132059+00:00 ContainerStatus: Creating container.
2026-06-07T17:07:24.6138508+00:00 ContainerStatus: Creating pipes for streaming container io.
2026-06-07T17:07:24.6212007+00:00 ContainerStatus: Creating stdout named pipe at /podr/container/pipe/2f3b232eff3f_registration-bot-app/stdout_868d590ead894842a8c767e67f565cd5.
2026-06-07T17:07:24.6215633+00:00 ContainerStatus: Successfully created stdout named pipe at: /podr/container/pipe/2f3b232eff3f_registration-bot-app/stdout_868d590ead894842a8c767e67f565cd5.
2026-06-07T17:07:24.6216700+00:00 ContainerStatus: Opening named pipe /podr/container/pipe/2f3b232eff3f_registration-bot-app/stdout_868d590ead894842a8c767e67f565cd5 for reading in non-blocking mode.
2026-06-07T17:07:24.6217614+00:00 ContainerStatus: Successfully opened named pipe: /podr/container/pipe/2f3b232eff3f_registration-bot-app/stdout_868d590ead894842a8c767e67f565cd5.
2026-06-07T17:07:24.6219936+00:00 ContainerStatus: Successfully removed non-blocking flag from /podr/container/pipe/2f3b232eff3f_registration-bot-app/stdout_868d590ead894842a8c767e67f565cd5.
2026-06-07T17:07:24.6221159+00:00 ContainerStatus: Creating stderr named pipe at /podr/container/pipe/2f3b232eff3f_registration-bot-app/stderr_079456fc304b4b69aa6f623e4d0b2a9f.
2026-06-07T17:07:24.6223031+00:00 ContainerStatus: Successfully created stderr named pipe at: /podr/container/pipe/2f3b232eff3f_registration-bot-app/stderr_079456fc304b4b69aa6f623e4d0b2a9f.
2026-06-07T17:07:24.6223738+00:00 ContainerStatus: Opening named pipe /podr/container/pipe/2f3b232eff3f_registration-bot-app/stderr_079456fc304b4b69aa6f623e4d0b2a9f for reading in non-blocking mode.
2026-06-07T17:07:24.6224565+00:00 ContainerStatus: Successfully opened named pipe: /podr/container/pipe/2f3b232eff3f_registration-bot-app/stderr_079456fc304b4b69aa6f623e4d0b2a9f.
2026-06-07T17:07:24.6225251+00:00 ContainerStatus: Successfully removed non-blocking flag from /podr/container/pipe/2f3b232eff3f_registration-bot-app/stderr_079456fc304b4b69aa6f623e4d0b2a9f.
2026-06-07T17:07:24.6226705+00:00 ContainerStatus: Creating container with image: appsvc/python:3.12_20260504.4.tuxprod from registry: 10.1.0.5:13209 and fully qualified image name: 10.1.0.5:13209/appsvc/python:3.12_20260504.4.tuxprod
2026-06-07T17:07:24.9485215+00:00 ContainerStatus: Starting container: 2f3b232eff3f_registration-bot-app.
2026-06-07T17:07:24.9945315+00:00 ContainerStatus: Starting watchers and probes.
2026-06-07T17:07:24.9961087+00:00 ContainerStatus: Starting metrics collection.
2026-06-07T17:07:24.9962651+00:00 ContainerStatus: Container is running.
2026-06-07T17:07:25.0038682+00:00 ContainerStatus: State: Starting, Action: CreatingContainer, LastError: ContainerTimeout, LastErrorTimestamp: 06/07/2026 17:05:52, LastErrorDetails: Container did not start within expected time limit of 230s. Please inspect your container logs for more details., Details: Container registration-bot-app successfully created and is running., DetailsLevel: INFO
2026-06-07T17:07:25.0553548+00:00 ContainerStatus: Container start method finished after 1006 ms.
2026-06-07T17:07:25.0555598+00:00 ContainerStatus: State: Starting, Action: InitiatingSiteWarmUpProbe, LastError: ContainerTimeout, LastErrorTimestamp: 06/07/2026 17:05:52, LastErrorDetails: Container did not start within expected time limit of 230s. Please inspect your container logs for more details., Details: Container registration-bot-app successfully created and is running., DetailsLevel: INFO
2026-06-07T17:07:25.0555989+00:00 ContainerStatus: State: Starting, Action: WaitingForSiteWarmUpProbeSuccess, LastError: ContainerTimeout, LastErrorTimestamp: 06/07/2026 17:05:52, LastErrorDetails: Container did not start within expected time limit of 230s. Please inspect your container logs for more details., Details: Pinging warmup path to ensure container is ready to receive requests., DetailsLevel: INFO
2026-06-07T17:07:25.1647341+00:00 ContainerStream:    _____                               
2026-06-07T17:07:25.1647741+00:00 ContainerStream:   /  _  \ __________ _________   ____  
2026-06-07T17:07:25.1647761+00:00 ContainerStream:  /  /_\  \\___   /  |  \_  __ \_/ __ \ 
2026-06-07T17:07:25.1647772+00:00 ContainerStream: /    |    \/    /|  |  /|  | \/\  ___/ 
2026-06-07T17:07:25.1647784+00:00 ContainerStream: \____|__  /_____ \____/ |__|    \___  >
2026-06-07T17:07:25.1647795+00:00 ContainerStream:         \/      \/                  \/ 
2026-06-07T17:07:25.1647811+00:00 ContainerStream: A P P   S E R V I C E   O N   L I N U X
2026-06-07T17:07:25.1647825+00:00 ContainerStream: 
2026-06-07T17:07:25.1647839+00:00 ContainerStream: Documentation     : https://aka.ms/webapp-linux
2026-06-07T17:07:25.1647903+00:00 ContainerStream: Python quickstart : https://aka.ms/python-qs
2026-06-07T17:07:25.1647917+00:00 ContainerStream: Python version    : 3.12.13
2026-06-07T17:07:25.1647929+00:00 ContainerStream: Instance name     : lw1sdlwk0000D8
2026-06-07T17:07:25.1647946+00:00 ContainerStream: Instance id       : f8c5d35a462fcd87923beccccb19f9d3c0e35bc47dd6274950bc1dd66bc38d1e
2026-06-07T17:07:25.1647957+00:00 ContainerStream: 
2026-06-07T17:07:25.1647970+00:00 ContainerStream: App port          : 8000
2026-06-07T17:07:25.1647983+00:00 ContainerStream: Port selected by  : Default for this image
2026-06-07T17:07:25.1647996+00:00 ContainerStream: (Learn more about the PORT appsetting https://aka.ms/webapp-python-settings)
2026-06-07T17:07:25.1648007+00:00 ContainerStream: 
2026-06-07T17:07:25.1648019+00:00 ContainerStream: Note: Any data outside '/home' is not persisted
2026-06-07T17:07:25.1648029+00:00 ContainerStream: 
2026-06-07T17:07:25.1648064+00:00 ContainerStream: ────────────────────────────────────────────────────────────────
2026-06-07T17:07:25.1648078+00:00 ContainerStream:  Run 'apphelp' for available commands and aliases.
2026-06-07T17:07:25.1648093+00:00 ContainerStream:  Run 'install-nettools' to install networking utilities.
2026-06-07T17:07:25.1648112+00:00 ContainerStream: ────────────────────────────────────────────────────────────────
2026-06-07T17:07:26.0059470+00:00 ContainerStream: Starting OpenBSD Secure Shell server: sshd.
2026-06-07T17:07:26.0333669+00:00 ContainerStream: WEBSITES_INCLUDE_CLOUD_CERTS is not set to true.
2026-06-07T17:07:26.0746067+00:00 ContainerStream: Updating certificates in /etc/ssl/certs...
2026-06-07T17:07:36.8899274+00:00 ContainerStream: rehash: warning: skipping ca-certificates.crt,it does not contain exactly one certificate or CRL
2026-06-07T17:07:36.9391952+00:00 ContainerStream: rehash: warning: skipping duplicate certificate in azl_SSL.com_TLS_RSA_Root_CA_2022.pem
2026-06-07T17:07:36.9599141+00:00 ContainerStream: rehash: warning: skipping duplicate certificate in azl_SSL.com_TLS_ECC_Root_CA_2022.pem
2026-06-07T17:07:37.0888717+00:00 ContainerStream: 4 added, 0 removed; done.
2026-06-07T17:07:37.0894020+00:00 ContainerStream: Running hooks in /etc/ca-certificates/update.d...
2026-06-07T17:07:37.0984422+00:00 ContainerStream: done.
2026-06-07T17:07:37.1173140+00:00 ContainerStream: CA certificates copied and updated successfully.
2026-06-07T17:07:37.1892208+00:00 ContainerStream: Site's appCommandLine: gunicorn -w 4 -k uvicorn.workers.UvicornWorker app.main:app
2026-06-07T17:07:37.4290301+00:00 ContainerStream: Starting periodic command scheduler: cron.
2026-06-07T17:07:37.4384072+00:00 ContainerStream: Launching oryx with: create-script -appPath /home/site/wwwroot -output /opt/startup/startup.sh -virtualEnvName antenv -defaultApp /opt/defaultsite -userStartupCommand 'gunicorn -w 4 -k uvicorn.workers.UvicornWorker app.main:app'
2026-06-07T17:07:37.5275183+00:00 ContainerStream: Could not find build manifest file at '/home/site/wwwroot/oryx-manifest.toml'
2026-06-07T17:07:37.5282481+00:00 ContainerStream: Could not find operation ID in manifest. Generating an operation id...
2026-06-07T17:07:37.5289460+00:00 ContainerStream: Build Operation ID: 0128fc17-74c2-478f-a9b4-a96eb46f773f
2026-06-07T17:07:37.8875632+00:00 ContainerStream: Oryx Version: 0.2.20260504.2, Commit: a776ec9f2fd225b305599e35443ecb3533bcdb26, ReleaseTagName: 20260504.2
2026-06-07T17:07:37.9273682+00:00 ContainerStream: Writing output script to '/opt/startup/startup.sh'
2026-06-07T17:07:37.9882571+00:00 ContainerStream: WARNING: Could not find virtual environment directory /home/site/wwwroot/antenv.
2026-06-07T17:07:37.9887546+00:00 ContainerStream: WARNING: Could not find package directory /home/site/wwwroot/__oryx_packages__.
2026-06-07T17:07:39.1472089+00:00 ContainerStream: 
2026-06-07T17:07:39.1472373+00:00 ContainerStream: Error: class uri 'uvicorn.workers.UvicornWorker' invalid or not found: 
2026-06-07T17:07:39.1472396+00:00 ContainerStream: 
2026-06-07T17:07:39.1472414+00:00 ContainerStream: [Traceback (most recent call last):
2026-06-07T17:07:39.1472429+00:00 ContainerStream:   File "/opt/python/3.12.13/lib/python3.12/site-packages/gunicorn/util.py", line 110, in load_class
2026-06-07T17:07:39.1472443+00:00 ContainerStream:     mod = importlib.import_module('.'.join(components))
2026-06-07T17:07:39.1472503+00:00 ContainerStream:           ^^^^^^^^^^^^^^^^^^^^^^^^^^^^^^^^^^^^^^^^^^^^^
2026-06-07T17:07:39.1472518+00:00 ContainerStream:   File "/opt/python/3.12.13/lib/python3.12/importlib/__init__.py", line 90, in import_module
2026-06-07T17:07:39.1472532+00:00 ContainerStream:     return _bootstrap._gcd_import(name[level:], package, level)
2026-06-07T17:07:39.1472545+00:00 ContainerStream:            ^^^^^^^^^^^^^^^^^^^^^^^^^^^^^^^^^^^^^^^^^^^^^^^^^^^^
2026-06-07T17:07:39.1472559+00:00 ContainerStream:   File "<frozen importlib._bootstrap>", line 1387, in _gcd_import
2026-06-07T17:07:39.1472572+00:00 ContainerStream:   File "<frozen importlib._bootstrap>", line 1360, in _find_and_load
2026-06-07T17:07:39.1472586+00:00 ContainerStream:   File "<frozen importlib._bootstrap>", line 1310, in _find_and_load_unlocked
2026-06-07T17:07:39.1472601+00:00 ContainerStream:   File "<frozen importlib._bootstrap>", line 488, in _call_with_frames_removed
2026-06-07T17:07:39.1472615+00:00 ContainerStream:   File "<frozen importlib._bootstrap>", line 1387, in _gcd_import
2026-06-07T17:07:39.1472628+00:00 ContainerStream:   File "<frozen importlib._bootstrap>", line 1360, in _find_and_load
2026-06-07T17:07:39.1472641+00:00 ContainerStream:   File "<frozen importlib._bootstrap>", line 1324, in _find_and_load_unlocked
2026-06-07T17:07:39.1472667+00:00 ContainerStream: ModuleNotFoundError: No module named 'uvicorn'
2026-06-07T17:07:39.1472679+00:00 ContainerStream: ]
2026-06-07T17:07:39.1474495+00:00 ContainerStream: 
2026-06-07T17:07:39.2851444+00:00 ContainerStatus: Container has finished running with exit code: 1.
2026-06-07T17:07:39.2853024+00:00 ContainerStatus: Container is terminating. Grace period: 5 seconds.
2026-06-07T17:07:39.2879779+00:00 ContainerStatus: Stop and delete container. Retry count = 0
2026-06-07T17:07:39.2882811+00:00 ContainerStatus: Stopping container: 2f3b232eff3f_registration-bot-app.
2026-06-07T17:07:39.3696926+00:00 ContainerStatus: Deleting container: 2f3b232eff3f_registration-bot-app. Retry count = 0
2026-06-07T17:07:39.6011298+00:00 ContainerStatus: Container spec TerminationMessagePolicy  path 
2026-06-07T17:07:39.6085167+00:00 ContainerStatus: Container is terminated. Total time elapsed: 315 ms.
2026-06-07T17:07:39.6086157+00:00 ContainerStatus: Site container: registration-bot-app terminated during site startup.
2026-06-07T17:07:39.6089512+00:00 ContainerStatus: State: Stopping, Action: CancellingStartup, LastError: ContainerTimeout, LastErrorTimestamp: 06/07/2026 17:05:52, LastErrorDetails: Container did not start within expected time limit of 230s. Please inspect your container logs for more details., Details: Site container: registration-bot-app terminated during site startup. Cancelling site startup., DetailsLevel: ERR
2026-06-07T17:07:39.6205318+00:00 ContainerStatus: Site startup probe failed after 14.5636411 seconds.
2026-06-07T17:07:39.7513446+00:00 ContainerStatus: State: Stopping, Action: CancellingStartup, LastError: ContainerTimeout, LastErrorTimestamp: 06/07/2026 17:07:39, LastErrorDetails: Container did not start within expected time limit of 230s. Please inspect your container logs for more details., Details: Site container: registration-bot-app terminated during site startup. Cancelling site startup., DetailsLevel: ERR
2026-06-07T17:07:39.7900864+00:00 ContainerStatus: Failed to start site. Revert by stopping site.
2026-06-07T17:07:39.7902180+00:00 ContainerStatus: State: Stopping, Action: StoppingSite, LastError: ContainerTimeout, LastErrorTimestamp: 06/07/2026 17:07:39, LastErrorDetails: Container did not start within expected time limit of 230s. Please inspect your container logs for more details., Details: Site container: registration-bot-app terminated during site startup. Cancelling site startup., DetailsLevel: ERR
2026-06-07T17:07:39.7904147+00:00 ContainerStatus: State: Stopping, Action: StoppingSiteContainers, LastError: ContainerTimeout, LastErrorTimestamp: 06/07/2026 17:07:39, LastErrorDetails: Container did not start within expected time limit of 230s. Please inspect your container logs for more details., Details: Site container: registration-bot-app terminated during site startup. Cancelling site startup., DetailsLevel: ERR
2026-06-07T17:07:40.0754193+00:00 ContainerStatus: Site container: registration-bot-app_managedIdentity terminated during site startup.
2026-06-07T17:07:40.0759544+00:00 ContainerStatus: State: Stopping, Action: StoppingSiteContainers, LastError: ContainerTimeout, LastErrorTimestamp: 06/07/2026 17:07:39, LastErrorDetails: Container did not start within expected time limit of 230s. Please inspect your container logs for more details., Details: Site container: registration-bot-app terminated during site startup. Cancelling site startup., DetailsLevel: ERR
2026-06-07T17:07:40.0761082+00:00 ContainerStatus: Site: registration-bot-app stopped.
========== New Cold Start Attempt (2026-06-07T17:10:07.1612432+00:00) ==========
2026-06-07T17:10:07.1612432+00:00 ContainerStatus: State: Starting, Action: EstablishingSiteNetworks, LastError: ContainerTimeout, LastErrorTimestamp: 06/07/2026 17:07:39, LastErrorDetails: Container did not start within expected time limit of 230s. Please inspect your container logs for more details., Details: Site is blocked due to multiple, consecutive cold start failures. Site scheduled to be unblocked at 06/07/2026 17:08:40, DetailsLevel: WARN
2026-06-07T17:10:09.3214433+00:00 ContainerStatus: State: Starting, Action: StartingMsiContainer, LastError: ContainerTimeout, LastErrorTimestamp: 06/07/2026 17:07:39, LastErrorDetails: Container did not start within expected time limit of 230s. Please inspect your container logs for more details., Details: Site is blocked due to multiple, consecutive cold start failures. Site scheduled to be unblocked at 06/07/2026 17:08:40, DetailsLevel: WARN
2026-06-07T17:10:16.8000550+00:00 ContainerStatus: State: Starting, Action: StartingSiteContainers, LastError: ContainerTimeout, LastErrorTimestamp: 06/07/2026 17:07:39, LastErrorDetails: Container did not start within expected time limit of 230s. Please inspect your container logs for more details., Details: Site is blocked due to multiple, consecutive cold start failures. Site scheduled to be unblocked at 06/07/2026 17:08:40, DetailsLevel: WARN
2026-06-07T17:10:16.8001611+00:00 ContainerStatus: Container start method called.
2026-06-07T17:10:16.8002215+00:00 ContainerStatus: State: Starting, Action: PullingImage, LastError: ContainerTimeout, LastErrorTimestamp: 06/07/2026 17:07:39, LastErrorDetails: Container did not start within expected time limit of 230s. Please inspect your container logs for more details., Details: Pulling image 10.1.0.5:13209/appsvc/python:3.12_20260504.4.tuxprod for registration-bot-app., DetailsLevel: INFO
2026-06-07T17:10:16.8007254+00:00 ContainerStatus: Establishing network.
2026-06-07T17:10:16.8008299+00:00 ContainerStatus: Pulling image: appsvc/python:3.12_20260504.4.tuxprod.
2026-06-07T17:10:17.0034118+00:00 ContainerStatus: Container is starting.
2026-06-07T17:10:17.0036543+00:00 ContainerStatus: State: Starting, Action: MountingVolumes, LastError: ContainerTimeout, LastErrorTimestamp: 06/07/2026 17:07:39, LastErrorDetails: Container did not start within expected time limit of 230s. Please inspect your container logs for more details., Details: Mounting volumes for registration-bot-app., DetailsLevel: INFO
2026-06-07T17:10:17.0037332+00:00 ContainerStatus: Establishing user namespace if not established already.
2026-06-07T17:10:17.0209290+00:00 ContainerStatus: Establishing network if not established already.
2026-06-07T17:10:17.0210739+00:00 ContainerStatus: Mounting volumes.
2026-06-07T17:10:17.0211863+00:00 ContainerStatus: Nested mountpoint 
2026-06-07T17:10:17.0408379+00:00 ContainerStatus: Nested mountpoint volatile/logs
2026-06-07T17:10:17.0517257+00:00 ContainerStatus: Nested mountpoint 
2026-06-07T17:10:17.0527298+00:00 ContainerStatus: Nested mountpoint 
2026-06-07T17:10:17.0832495+00:00 ContainerStatus: Nested mountpoint 
2026-06-07T17:10:17.4118456+00:00 ContainerStatus: State: Starting, Action: CreatingContainer, LastError: ContainerTimeout, LastErrorTimestamp: 06/07/2026 17:07:39, LastErrorDetails: Container did not start within expected time limit of 230s. Please inspect your container logs for more details., Details: Finished pulling container image and mounting volumes for registration-bot-app. Allocatinng the rest of the container resources to finish container creation., DetailsLevel: INFO
2026-06-07T17:10:17.4121227+00:00 ContainerStatus: Creating container.
2026-06-07T17:10:17.4121857+00:00 ContainerStatus: Creating pipes for streaming container io.
2026-06-07T17:10:17.4122420+00:00 ContainerStatus: Creating stdout named pipe at /podr/container/pipe/341704fcede2_registration-bot-app/stdout_bbf0a59b96d949ad8ec049d0f96df2d5.
2026-06-07T17:10:17.4123462+00:00 ContainerStatus: Successfully created stdout named pipe at: /podr/container/pipe/341704fcede2_registration-bot-app/stdout_bbf0a59b96d949ad8ec049d0f96df2d5.
2026-06-07T17:10:17.4123930+00:00 ContainerStatus: Opening named pipe /podr/container/pipe/341704fcede2_registration-bot-app/stdout_bbf0a59b96d949ad8ec049d0f96df2d5 for reading in non-blocking mode.
2026-06-07T17:10:17.4124528+00:00 ContainerStatus: Successfully opened named pipe: /podr/container/pipe/341704fcede2_registration-bot-app/stdout_bbf0a59b96d949ad8ec049d0f96df2d5.
2026-06-07T17:10:17.4125011+00:00 ContainerStatus: Successfully removed non-blocking flag from /podr/container/pipe/341704fcede2_registration-bot-app/stdout_bbf0a59b96d949ad8ec049d0f96df2d5.
2026-06-07T17:10:17.4305622+00:00 ContainerStatus: Creating stderr named pipe at /podr/container/pipe/341704fcede2_registration-bot-app/stderr_ca02c928adf54100b8368bbf695cc5ac.
2026-06-07T17:10:17.4307778+00:00 ContainerStatus: Successfully created stderr named pipe at: /podr/container/pipe/341704fcede2_registration-bot-app/stderr_ca02c928adf54100b8368bbf695cc5ac.
2026-06-07T17:10:17.4308345+00:00 ContainerStatus: Opening named pipe /podr/container/pipe/341704fcede2_registration-bot-app/stderr_ca02c928adf54100b8368bbf695cc5ac for reading in non-blocking mode.
2026-06-07T17:10:17.4309114+00:00 ContainerStatus: Successfully opened named pipe: /podr/container/pipe/341704fcede2_registration-bot-app/stderr_ca02c928adf54100b8368bbf695cc5ac.
2026-06-07T17:10:17.4309625+00:00 ContainerStatus: Successfully removed non-blocking flag from /podr/container/pipe/341704fcede2_registration-bot-app/stderr_ca02c928adf54100b8368bbf695cc5ac.
2026-06-07T17:10:17.4311040+00:00 ContainerStatus: Creating container with image: appsvc/python:3.12_20260504.4.tuxprod from registry: 10.1.0.5:13209 and fully qualified image name: 10.1.0.5:13209/appsvc/python:3.12_20260504.4.tuxprod
2026-06-07T17:10:17.8010934+00:00 ContainerStatus: Starting container: 341704fcede2_registration-bot-app.
2026-06-07T17:10:17.8630431+00:00 ContainerStatus: Starting watchers and probes.
2026-06-07T17:10:17.8707900+00:00 ContainerStatus: Starting metrics collection.
2026-06-07T17:10:17.8725196+00:00 ContainerStatus: Container is running.
2026-06-07T17:10:17.8725834+00:00 ContainerStatus: State: Starting, Action: CreatingContainer, LastError: ContainerTimeout, LastErrorTimestamp: 06/07/2026 17:07:39, LastErrorDetails: Container did not start within expected time limit of 230s. Please inspect your container logs for more details., Details: Container registration-bot-app successfully created and is running., DetailsLevel: INFO
2026-06-07T17:10:17.9119045+00:00 ContainerStatus: Container start method finished after 1111 ms.
2026-06-07T17:10:17.9127285+00:00 ContainerStatus: State: Starting, Action: InitiatingSiteWarmUpProbe, LastError: ContainerTimeout, LastErrorTimestamp: 06/07/2026 17:07:39, LastErrorDetails: Container did not start within expected time limit of 230s. Please inspect your container logs for more details., Details: Container registration-bot-app successfully created and is running., DetailsLevel: INFO
2026-06-07T17:10:17.9131691+00:00 ContainerStatus: State: Starting, Action: WaitingForSiteWarmUpProbeSuccess, LastError: ContainerTimeout, LastErrorTimestamp: 06/07/2026 17:07:39, LastErrorDetails: Container did not start within expected time limit of 230s. Please inspect your container logs for more details., Details: Pinging warmup path to ensure container is ready to receive requests., DetailsLevel: INFO
2026-06-07T17:10:18.1437228+00:00 ContainerStream:    _____                               
2026-06-07T17:10:18.1509038+00:00 ContainerStream:   /  _  \ __________ _________   ____  
2026-06-07T17:10:18.1509111+00:00 ContainerStream:  /  /_\  \\___   /  |  \_  __ \_/ __ \ 
2026-06-07T17:10:18.1509129+00:00 ContainerStream: /    |    \/    /|  |  /|  | \/\  ___/ 
2026-06-07T17:10:18.1509150+00:00 ContainerStream: \____|__  /_____ \____/ |__|    \___  >
2026-06-07T17:10:18.1509172+00:00 ContainerStream:         \/      \/                  \/ 
2026-06-07T17:10:18.1509212+00:00 ContainerStream: A P P   S E R V I C E   O N   L I N U X
2026-06-07T17:10:18.1509229+00:00 ContainerStream: 
2026-06-07T17:10:18.1509250+00:00 ContainerStream: Documentation     : https://aka.ms/webapp-linux
2026-06-07T17:10:18.1509270+00:00 ContainerStream: Python quickstart : https://aka.ms/python-qs
2026-06-07T17:10:18.1509290+00:00 ContainerStream: Python version    : 3.12.13
2026-06-07T17:10:18.1509308+00:00 ContainerStream: Instance name     : lw1sdlwk0000D8
2026-06-07T17:10:18.1509341+00:00 ContainerStream: Instance id       : f8c5d35a462fcd87923beccccb19f9d3c0e35bc47dd6274950bc1dd66bc38d1e
2026-06-07T17:10:18.1509358+00:00 ContainerStream: 
2026-06-07T17:10:18.1509376+00:00 ContainerStream: App port          : 8000
2026-06-07T17:10:18.1509394+00:00 ContainerStream: Port selected by  : Default for this image
2026-06-07T17:10:18.1509414+00:00 ContainerStream: (Learn more about the PORT appsetting https://aka.ms/webapp-python-settings)
2026-06-07T17:10:18.1509432+00:00 ContainerStream: 
2026-06-07T17:10:18.1509450+00:00 ContainerStream: Note: Any data outside '/home' is not persisted
2026-06-07T17:10:18.1509474+00:00 ContainerStream: 
2026-06-07T17:10:18.1509505+00:00 ContainerStream: ────────────────────────────────────────────────────────────────
2026-06-07T17:10:18.1509526+00:00 ContainerStream:  Run 'apphelp' for available commands and aliases.
2026-06-07T17:10:18.1509544+00:00 ContainerStream:  Run 'install-nettools' to install networking utilities.
2026-06-07T17:10:18.1509568+00:00 ContainerStream: ────────────────────────────────────────────────────────────────
2026-06-07T17:10:20.1643961+00:00 ContainerStream: Starting OpenBSD Secure Shell server: sshd.
2026-06-07T17:10:20.1828880+00:00 ContainerStream: WEBSITES_INCLUDE_CLOUD_CERTS is not set to true.
2026-06-07T17:10:20.2224042+00:00 ContainerStream: Updating certificates in /etc/ssl/certs...
2026-06-07T17:10:31.1258096+00:00 ContainerStream: rehash: warning: skipping ca-certificates.crt,it does not contain exactly one certificate or CRL
2026-06-07T17:10:31.1457267+00:00 ContainerStream: rehash: warning: skipping duplicate certificate in azl_SSL.com_TLS_RSA_Root_CA_2022.pem
2026-06-07T17:10:31.1545345+00:00 ContainerStream: rehash: warning: skipping duplicate certificate in azl_SSL.com_TLS_ECC_Root_CA_2022.pem
2026-06-07T17:10:31.2052263+00:00 ContainerStream: 4 added, 0 removed; done.
2026-06-07T17:10:31.2063297+00:00 ContainerStream: Running hooks in /etc/ca-certificates/update.d...
2026-06-07T17:10:31.2156053+00:00 ContainerStream: done.
2026-06-07T17:10:31.2348197+00:00 ContainerStream: CA certificates copied and updated successfully.
2026-06-07T17:10:31.3242000+00:00 ContainerStream: Site's appCommandLine: gunicorn -w 1 -k uvicorn.workers.UvicornWorker --timeout 120 app.main:app
2026-06-07T17:10:31.5465123+00:00 ContainerStream: Starting periodic command scheduler: cron.
2026-06-07T17:10:31.5552023+00:00 ContainerStream: Launching oryx with: create-script -appPath /home/site/wwwroot -output /opt/startup/startup.sh -virtualEnvName antenv -defaultApp /opt/defaultsite -userStartupCommand 'gunicorn -w 1 -k uvicorn.workers.UvicornWorker --timeout 120 app.main:app'
2026-06-07T17:10:31.7942941+00:00 ContainerStream: Could not find build manifest file at '/home/site/wwwroot/oryx-manifest.toml'
2026-06-07T17:10:31.7953540+00:00 ContainerStream: Could not find operation ID in manifest. Generating an operation id...
2026-06-07T17:10:31.7953717+00:00 ContainerStream: Build Operation ID: 879d43cc-c43a-4d9e-bfb3-07935e903049
2026-06-07T17:10:32.1542456+00:00 ContainerStream: Oryx Version: 0.2.20260504.2, Commit: a776ec9f2fd225b305599e35443ecb3533bcdb26, ReleaseTagName: 20260504.2
2026-06-07T17:10:32.1843058+00:00 ContainerStream: Writing output script to '/opt/startup/startup.sh'
2026-06-07T17:10:32.2846544+00:00 ContainerStream: WARNING: Could not find virtual environment directory /home/site/wwwroot/antenv.
2026-06-07T17:10:32.2853365+00:00 ContainerStream: WARNING: Could not find package directory /home/site/wwwroot/__oryx_packages__.
2026-06-07T17:10:33.2261992+00:00 ContainerStream: 
2026-06-07T17:10:33.2262433+00:00 ContainerStream: Error: class uri 'uvicorn.workers.UvicornWorker' invalid or not found: 
2026-06-07T17:10:33.2262466+00:00 ContainerStream: 
2026-06-07T17:10:33.2262539+00:00 ContainerStream: [Traceback (most recent call last):
2026-06-07T17:10:33.2262560+00:00 ContainerStream:   File "/opt/python/3.12.13/lib/python3.12/site-packages/gunicorn/util.py", line 110, in load_class
2026-06-07T17:10:33.2262578+00:00 ContainerStream:     mod = importlib.import_module('.'.join(components))
2026-06-07T17:10:33.2262597+00:00 ContainerStream:           ^^^^^^^^^^^^^^^^^^^^^^^^^^^^^^^^^^^^^^^^^^^^^
2026-06-07T17:10:33.2262617+00:00 ContainerStream:   File "/opt/python/3.12.13/lib/python3.12/importlib/__init__.py", line 90, in import_module
2026-06-07T17:10:33.2262637+00:00 ContainerStream:     return _bootstrap._gcd_import(name[level:], package, level)
2026-06-07T17:10:33.2262663+00:00 ContainerStream:            ^^^^^^^^^^^^^^^^^^^^^^^^^^^^^^^^^^^^^^^^^^^^^^^^^^^^
2026-06-07T17:10:33.2262682+00:00 ContainerStream:   File "<frozen importlib._bootstrap>", line 1387, in _gcd_import
2026-06-07T17:10:33.2262702+00:00 ContainerStream:   File "<frozen importlib._bootstrap>", line 1360, in _find_and_load
2026-06-07T17:10:33.2262721+00:00 ContainerStream:   File "<frozen importlib._bootstrap>", line 1310, in _find_and_load_unlocked
2026-06-07T17:10:33.2262741+00:00 ContainerStream:   File "<frozen importlib._bootstrap>", line 488, in _call_with_frames_removed
2026-06-07T17:10:33.2262760+00:00 ContainerStream:   File "<frozen importlib._bootstrap>", line 1387, in _gcd_import
2026-06-07T17:10:33.2262792+00:00 ContainerStream:   File "<frozen importlib._bootstrap>", line 1360, in _find_and_load
2026-06-07T17:10:33.2262812+00:00 ContainerStream:   File "<frozen importlib._bootstrap>", line 1324, in _find_and_load_unlocked
2026-06-07T17:10:33.2262831+00:00 ContainerStream: ModuleNotFoundError: No module named 'uvicorn'
2026-06-07T17:10:33.2262848+00:00 ContainerStream: ]
2026-06-07T17:10:33.2333071+00:00 ContainerStream: 
2026-06-07T17:10:33.3938242+00:00 ContainerStatus: Container has finished running with exit code: 1.
2026-06-07T17:10:33.3939780+00:00 ContainerStatus: Container is terminating. Grace period: 5 seconds.
2026-06-07T17:10:33.3944371+00:00 ContainerStatus: Stop and delete container. Retry count = 0
2026-06-07T17:10:33.3945158+00:00 ContainerStatus: Stopping container: 341704fcede2_registration-bot-app.
2026-06-07T17:10:33.4636142+00:00 ContainerStatus: Deleting container: 341704fcede2_registration-bot-app. Retry count = 0
2026-06-07T17:10:33.6340124+00:00 ContainerStatus: Container spec TerminationMessagePolicy  path 
2026-06-07T17:10:33.6343703+00:00 ContainerStatus: Container is terminated. Total time elapsed: 240 ms.
2026-06-07T17:10:33.6348480+00:00 ContainerStatus: Site container: registration-bot-app terminated during site startup.
2026-06-07T17:10:33.6351790+00:00 ContainerStatus: State: Stopping, Action: CancellingStartup, LastError: ContainerTimeout, LastErrorTimestamp: 06/07/2026 17:07:39, LastErrorDetails: Container did not start within expected time limit of 230s. Please inspect your container logs for more details., Details: Site container: registration-bot-app terminated during site startup. Cancelling site startup., DetailsLevel: ERR
2026-06-07T17:10:33.7041190+00:00 ContainerStatus: Site startup probe failed after 15.7724625 seconds.
2026-06-07T17:10:33.8240085+00:00 ContainerStatus: State: Stopping, Action: CancellingStartup, LastError: ContainerTimeout, LastErrorTimestamp: 06/07/2026 17:10:33, LastErrorDetails: Container did not start within expected time limit of 230s. Please inspect your container logs for more details., Details: Site container: registration-bot-app terminated during site startup. Cancelling site startup., DetailsLevel: ERR
2026-06-07T17:10:33.8344141+00:00 ContainerStatus: Failed to start site. Revert by stopping site.
2026-06-07T17:10:33.8347774+00:00 ContainerStatus: State: Stopping, Action: StoppingSite, LastError: ContainerTimeout, LastErrorTimestamp: 06/07/2026 17:10:33, LastErrorDetails: Container did not start within expected time limit of 230s. Please inspect your container logs for more details., Details: Site container: registration-bot-app terminated during site startup. Cancelling site startup., DetailsLevel: ERR
2026-06-07T17:10:33.8349677+00:00 ContainerStatus: State: Stopping, Action: StoppingSiteContainers, LastError: ContainerTimeout, LastErrorTimestamp: 06/07/2026 17:10:33, LastErrorDetails: Container did not start within expected time limit of 230s. Please inspect your container logs for more details., Details: Site container: registration-bot-app terminated during site startup. Cancelling site startup., DetailsLevel: ERR
2026-06-07T17:10:34.1240794+00:00 ContainerStatus: Site container: registration-bot-app_managedIdentity terminated during site startup.
2026-06-07T17:10:34.1241740+00:00 ContainerStatus: State: Stopping, Action: StoppingSiteContainers, LastError: ContainerTimeout, LastErrorTimestamp: 06/07/2026 17:10:33, LastErrorDetails: Container did not start within expected time limit of 230s. Please inspect your container logs for more details., Details: Site container: registration-bot-app terminated during site startup. Cancelling site startup., DetailsLevel: ERR
2026-06-07T17:10:34.1242936+00:00 ContainerStatus: Site: registration-bot-app stopped.
========== New Cold Start Attempt (2026-06-07T17:10:34.1259953+00:00) ==========
2026-06-07T17:10:34.1259953+00:00 ContainerStatus: State: Stopping, Action: UnmountingVolumes, LastError: ContainerTimeout, LastErrorTimestamp: 06/07/2026 17:10:33, LastErrorDetails: Container did not start within expected time limit of 230s. Please inspect your container logs for more details., Details: Site container: registration-bot-app terminated during site startup. Cancelling site startup., DetailsLevel: ERR
2026-06-07T17:10:34.4357992+00:00 ContainerStatus: State: Stopping, Action: StoppingSiteNetworks, LastError: ContainerTimeout, LastErrorTimestamp: 06/07/2026 17:10:33, LastErrorDetails: Container did not start within expected time limit of 230s. Please inspect your container logs for more details., Details: Site container: registration-bot-app terminated during site startup. Cancelling site startup., DetailsLevel: ERR
2026-06-07T17:10:34.6269150+00:00 ContainerStatus: State: Stopped, Action: None, LastError: ContainerTimeout, LastErrorTimestamp: 06/07/2026 17:10:33, LastErrorDetails: Container did not start within expected time limit of 230s. Please inspect your container logs for more details., Details: Site stopped at 06/07/2026 17:10:34 (UTC), DetailsLevel: ERR
2026-06-07T17:10:35.1602129+00:00 ContainerStatus: State: Stopped, Action: None, LastError: ContainerTimeout, LastErrorTimestamp: 06/07/2026 17:10:33, LastErrorDetails: Container did not start within expected time limit of 230s. Please inspect your container logs for more details., Details: Site stopped at 06/07/2026 17:10:34 (UTC), DetailsLevel: ERR
2026-06-07T17:11:03.4790418+00:00 ContainerStatus: State: Starting, Action: EstablishingSiteNetworks, LastError: ContainerTimeout, LastErrorTimestamp: 06/07/2026 17:10:33, LastErrorDetails: Container did not start within expected time limit of 230s. Please inspect your container logs for more details., Details: Site stopped at 06/07/2026 17:10:34 (UTC), DetailsLevel: ERR
2026-06-07T17:11:05.2433506+00:00 ContainerStatus: State: Starting, Action: StartingMsiContainer, LastError: ContainerTimeout, LastErrorTimestamp: 06/07/2026 17:10:33, LastErrorDetails: Container did not start within expected time limit of 230s. Please inspect your container logs for more details., Details: Site stopped at 06/07/2026 17:10:34 (UTC), DetailsLevel: ERR
2026-06-07T17:11:12.0436331+00:00 ContainerStatus: State: Starting, Action: StartingSiteContainers, LastError: ContainerTimeout, LastErrorTimestamp: 06/07/2026 17:10:33, LastErrorDetails: Container did not start within expected time limit of 230s. Please inspect your container logs for more details., Details: Site stopped at 06/07/2026 17:10:34 (UTC), DetailsLevel: ERR
2026-06-07T17:11:12.0437089+00:00 ContainerStatus: Container start method called.
2026-06-07T17:11:12.0437374+00:00 ContainerStatus: State: Starting, Action: PullingImage, LastError: ContainerTimeout, LastErrorTimestamp: 06/07/2026 17:10:33, LastErrorDetails: Container did not start within expected time limit of 230s. Please inspect your container logs for more details., Details: Pulling image 10.1.0.5:13209/appsvc/python:3.12_20260504.4.tuxprod for registration-bot-app., DetailsLevel: INFO
2026-06-07T17:11:12.0437897+00:00 ContainerStatus: Establishing network.
2026-06-07T17:11:12.0438480+00:00 ContainerStatus: Pulling image: appsvc/python:3.12_20260504.4.tuxprod.
2026-06-07T17:11:12.2045372+00:00 ContainerStatus: Container is starting.
2026-06-07T17:11:12.2045861+00:00 ContainerStatus: State: Starting, Action: MountingVolumes, LastError: ContainerTimeout, LastErrorTimestamp: 06/07/2026 17:10:33, LastErrorDetails: Container did not start within expected time limit of 230s. Please inspect your container logs for more details., Details: Mounting volumes for registration-bot-app., DetailsLevel: INFO
2026-06-07T17:11:12.2046366+00:00 ContainerStatus: Establishing user namespace if not established already.
2026-06-07T17:11:12.2046855+00:00 ContainerStatus: Establishing network if not established already.
2026-06-07T17:11:12.2047466+00:00 ContainerStatus: Mounting volumes.
2026-06-07T17:11:12.2061992+00:00 ContainerStatus: Nested mountpoint 
2026-06-07T17:11:12.2468064+00:00 ContainerStatus: Nested mountpoint volatile/logs
2026-06-07T17:11:12.2653417+00:00 ContainerStatus: Nested mountpoint 
2026-06-07T17:11:12.2942885+00:00 ContainerStatus: Nested mountpoint 
2026-06-07T17:11:12.2953396+00:00 ContainerStatus: Nested mountpoint 
2026-06-07T17:11:12.5368912+00:00 ContainerStatus: State: Starting, Action: CreatingContainer, LastError: ContainerTimeout, LastErrorTimestamp: 06/07/2026 17:10:33, LastErrorDetails: Container did not start within expected time limit of 230s. Please inspect your container logs for more details., Details: Finished pulling container image and mounting volumes for registration-bot-app. Allocatinng the rest of the container resources to finish container creation., DetailsLevel: INFO
2026-06-07T17:11:12.5370060+00:00 ContainerStatus: Creating container.
2026-06-07T17:11:12.5372671+00:00 ContainerStatus: Creating pipes for streaming container io.
2026-06-07T17:11:12.5648235+00:00 ContainerStatus: Creating stdout named pipe at /podr/container/pipe/5f42a40783cc_registration-bot-app/stdout_037c5aab56304ae0a820a31b98438606.
2026-06-07T17:11:12.5651717+00:00 ContainerStatus: Successfully created stdout named pipe at: /podr/container/pipe/5f42a40783cc_registration-bot-app/stdout_037c5aab56304ae0a820a31b98438606.
2026-06-07T17:11:12.5654101+00:00 ContainerStatus: Opening named pipe /podr/container/pipe/5f42a40783cc_registration-bot-app/stdout_037c5aab56304ae0a820a31b98438606 for reading in non-blocking mode.
2026-06-07T17:11:12.5656671+00:00 ContainerStatus: Successfully opened named pipe: /podr/container/pipe/5f42a40783cc_registration-bot-app/stdout_037c5aab56304ae0a820a31b98438606.
2026-06-07T17:11:12.5658952+00:00 ContainerStatus: Successfully removed non-blocking flag from /podr/container/pipe/5f42a40783cc_registration-bot-app/stdout_037c5aab56304ae0a820a31b98438606.
2026-06-07T17:11:12.5670421+00:00 ContainerStatus: Creating stderr named pipe at /podr/container/pipe/5f42a40783cc_registration-bot-app/stderr_70d15be456984554895525617dc0a1eb.
2026-06-07T17:11:12.5942793+00:00 ContainerStatus: Successfully created stderr named pipe at: /podr/container/pipe/5f42a40783cc_registration-bot-app/stderr_70d15be456984554895525617dc0a1eb.
2026-06-07T17:11:12.5949966+00:00 ContainerStatus: Opening named pipe /podr/container/pipe/5f42a40783cc_registration-bot-app/stderr_70d15be456984554895525617dc0a1eb for reading in non-blocking mode.
2026-06-07T17:11:12.5972367+00:00 ContainerStatus: Successfully opened named pipe: /podr/container/pipe/5f42a40783cc_registration-bot-app/stderr_70d15be456984554895525617dc0a1eb.
2026-06-07T17:11:12.6068052+00:00 ContainerStatus: Successfully removed non-blocking flag from /podr/container/pipe/5f42a40783cc_registration-bot-app/stderr_70d15be456984554895525617dc0a1eb.
2026-06-07T17:11:12.6069163+00:00 ContainerStatus: Creating container with image: appsvc/python:3.12_20260504.4.tuxprod from registry: 10.1.0.5:13209 and fully qualified image name: 10.1.0.5:13209/appsvc/python:3.12_20260504.4.tuxprod
2026-06-07T17:11:12.9791936+00:00 ContainerStatus: Starting container: 5f42a40783cc_registration-bot-app.
2026-06-07T17:11:13.0354183+00:00 ContainerStatus: Starting watchers and probes.
2026-06-07T17:11:13.0366801+00:00 ContainerStatus: Starting metrics collection.
2026-06-07T17:11:13.0373821+00:00 ContainerStatus: Container is running.
2026-06-07T17:11:13.0374543+00:00 ContainerStatus: State: Starting, Action: CreatingContainer, LastError: ContainerTimeout, LastErrorTimestamp: 06/07/2026 17:10:33, LastErrorDetails: Container did not start within expected time limit of 230s. Please inspect your container logs for more details., Details: Container registration-bot-app successfully created and is running., DetailsLevel: INFO
2026-06-07T17:11:13.2463711+00:00 ContainerStatus: Container start method finished after 1202 ms.
2026-06-07T17:11:13.2465145+00:00 ContainerStatus: State: Starting, Action: InitiatingSiteWarmUpProbe, LastError: ContainerTimeout, LastErrorTimestamp: 06/07/2026 17:10:33, LastErrorDetails: Container did not start within expected time limit of 230s. Please inspect your container logs for more details., Details: Container registration-bot-app successfully created and is running., DetailsLevel: INFO
2026-06-07T17:11:13.2465309+00:00 ContainerStatus: State: Starting, Action: WaitingForSiteWarmUpProbeSuccess, LastError: ContainerTimeout, LastErrorTimestamp: 06/07/2026 17:10:33, LastErrorDetails: Container did not start within expected time limit of 230s. Please inspect your container logs for more details., Details: Pinging warmup path to ensure container is ready to receive requests., DetailsLevel: INFO
2026-06-07T17:11:13.3972487+00:00 ContainerStream:    _____                               
2026-06-07T17:11:13.3972677+00:00 ContainerStream:   /  _  \ __________ _________   ____  
2026-06-07T17:11:13.3972695+00:00 ContainerStream:  /  /_\  \\___   /  |  \_  __ \_/ __ \ 
2026-06-07T17:11:13.3972707+00:00 ContainerStream: /    |    \/    /|  |  /|  | \/\  ___/ 
2026-06-07T17:11:13.3972719+00:00 ContainerStream: \____|__  /_____ \____/ |__|    \___  >
2026-06-07T17:11:13.3972731+00:00 ContainerStream:         \/      \/                  \/ 
2026-06-07T17:11:13.3972742+00:00 ContainerStream: A P P   S E R V I C E   O N   L I N U X
2026-06-07T17:11:13.3972754+00:00 ContainerStream: 
2026-06-07T17:11:13.3972766+00:00 ContainerStream: Documentation     : https://aka.ms/webapp-linux
2026-06-07T17:11:13.3972779+00:00 ContainerStream: Python quickstart : https://aka.ms/python-qs
2026-06-07T17:11:13.3972791+00:00 ContainerStream: Python version    : 3.12.13
2026-06-07T17:11:13.3972816+00:00 ContainerStream: Instance name     : lw1sdlwk0000D8
2026-06-07T17:11:13.3972832+00:00 ContainerStream: Instance id       : f8c5d35a462fcd87923beccccb19f9d3c0e35bc47dd6274950bc1dd66bc38d1e
2026-06-07T17:11:13.3972843+00:00 ContainerStream: 
2026-06-07T17:11:13.3972856+00:00 ContainerStream: App port          : 8000
2026-06-07T17:11:13.3972868+00:00 ContainerStream: Port selected by  : Default for this image
2026-06-07T17:11:13.3972884+00:00 ContainerStream: (Learn more about the PORT appsetting https://aka.ms/webapp-python-settings)
2026-06-07T17:11:13.3972894+00:00 ContainerStream: 
2026-06-07T17:11:13.3972906+00:00 ContainerStream: Note: Any data outside '/home' is not persisted
2026-06-07T17:11:13.3972917+00:00 ContainerStream: 
2026-06-07T17:11:13.3972940+00:00 ContainerStream: ────────────────────────────────────────────────────────────────
2026-06-07T17:11:13.3972954+00:00 ContainerStream:  Run 'apphelp' for available commands and aliases.
2026-06-07T17:11:13.3972979+00:00 ContainerStream:  Run 'install-nettools' to install networking utilities.
2026-06-07T17:11:13.3972999+00:00 ContainerStream: ────────────────────────────────────────────────────────────────
2026-06-07T17:11:15.1483953+00:00 ContainerStream: Starting OpenBSD Secure Shell server: sshd.
2026-06-07T17:11:15.1660828+00:00 ContainerStream: WEBSITES_INCLUDE_CLOUD_CERTS is not set to true.
2026-06-07T17:11:15.1978415+00:00 ContainerStream: Updating certificates in /etc/ssl/certs...
2026-06-07T17:11:26.6295163+00:00 ContainerStream: rehash: warning: skipping ca-certificates.crt,it does not contain exactly one certificate or CRL
2026-06-07T17:11:26.6295731+00:00 ContainerStream: 4 added, 0 removed; done.
2026-06-07T17:11:26.6299747+00:00 ContainerStream: Running hooks in /etc/ca-certificates/update.d...
2026-06-07T17:11:26.6299813+00:00 ContainerStream: done.
2026-06-07T17:11:26.6299830+00:00 ContainerStream: CA certificates copied and updated successfully.
2026-06-07T17:11:26.6299861+00:00 ContainerStream: Site's appCommandLine: gunicorn -w 1 -k uvicorn.workers.UvicornWorker --timeout 120 app.main:app
2026-06-07T17:11:26.6300869+00:00 ContainerStream: rehash: warning: skipping duplicate certificate in azl_SSL.com_TLS_RSA_Root_CA_2022.pem
2026-06-07T17:11:26.6300898+00:00 ContainerStream: rehash: warning: skipping duplicate certificate in azl_SSL.com_TLS_ECC_Root_CA_2022.pem
2026-06-07T17:11:26.8508760+00:00 ContainerStream: Starting periodic command scheduler: cron.
2026-06-07T17:11:26.8521260+00:00 ContainerStream: Launching oryx with: create-script -appPath /home/site/wwwroot -output /opt/startup/startup.sh -virtualEnvName antenv -defaultApp /opt/defaultsite -userStartupCommand 'gunicorn -w 1 -k uvicorn.workers.UvicornWorker --timeout 120 app.main:app'
2026-06-07T17:11:26.8910047+00:00 ContainerStream: Could not find build manifest file at '/home/site/wwwroot/oryx-manifest.toml'
2026-06-07T17:11:26.8915485+00:00 ContainerStream: Could not find operation ID in manifest. Generating an operation id...
2026-06-07T17:11:26.8920406+00:00 ContainerStream: Build Operation ID: 6a0ed045-8202-4275-9f57-0e5b8b7b8ef8
2026-06-07T17:11:27.3221674+00:00 ContainerStream: Oryx Version: 0.2.20260504.2, Commit: a776ec9f2fd225b305599e35443ecb3533bcdb26, ReleaseTagName: 20260504.2
2026-06-07T17:11:27.3910564+00:00 ContainerStream: Writing output script to '/opt/startup/startup.sh'
2026-06-07T17:11:27.5309280+00:00 ContainerStream: WARNING: Could not find virtual environment directory /home/site/wwwroot/antenv.
2026-06-07T17:11:27.5320339+00:00 ContainerStream: WARNING: Could not find package directory /home/site/wwwroot/__oryx_packages__.
2026-06-07T17:11:28.3831366+00:00 ContainerStream: 
2026-06-07T17:11:28.3831789+00:00 ContainerStream: Error: class uri 'uvicorn.workers.UvicornWorker' invalid or not found: 
2026-06-07T17:11:28.3831809+00:00 ContainerStream: 
2026-06-07T17:11:28.3831829+00:00 ContainerStream: [Traceback (most recent call last):
2026-06-07T17:11:28.3831847+00:00 ContainerStream:   File "/opt/python/3.12.13/lib/python3.12/site-packages/gunicorn/util.py", line 110, in load_class
2026-06-07T17:11:28.3831860+00:00 ContainerStream:     mod = importlib.import_module('.'.join(components))
2026-06-07T17:11:28.3831872+00:00 ContainerStream:           ^^^^^^^^^^^^^^^^^^^^^^^^^^^^^^^^^^^^^^^^^^^^^
2026-06-07T17:11:28.3831938+00:00 ContainerStream:   File "/opt/python/3.12.13/lib/python3.12/importlib/__init__.py", line 90, in import_module
2026-06-07T17:11:28.3831952+00:00 ContainerStream:     return _bootstrap._gcd_import(name[level:], package, level)
2026-06-07T17:11:28.3831965+00:00 ContainerStream:            ^^^^^^^^^^^^^^^^^^^^^^^^^^^^^^^^^^^^^^^^^^^^^^^^^^^^
2026-06-07T17:11:28.3831978+00:00 ContainerStream:   File "<frozen importlib._bootstrap>", line 1387, in _gcd_import
2026-06-07T17:11:28.3831991+00:00 ContainerStream:   File "<frozen importlib._bootstrap>", line 1360, in _find_and_load
2026-06-07T17:11:28.3832006+00:00 ContainerStream:   File "<frozen importlib._bootstrap>", line 1310, in _find_and_load_unlocked
2026-06-07T17:11:28.3832020+00:00 ContainerStream:   File "<frozen importlib._bootstrap>", line 488, in _call_with_frames_removed
2026-06-07T17:11:28.3832032+00:00 ContainerStream:   File "<frozen importlib._bootstrap>", line 1387, in _gcd_import
2026-06-07T17:11:28.3832045+00:00 ContainerStream:   File "<frozen importlib._bootstrap>", line 1360, in _find_and_load
2026-06-07T17:11:28.3832058+00:00 ContainerStream:   File "<frozen importlib._bootstrap>", line 1324, in _find_and_load_unlocked
2026-06-07T17:11:28.3832084+00:00 ContainerStream: ModuleNotFoundError: No module named 'uvicorn'
2026-06-07T17:11:28.3832095+00:00 ContainerStream: ]
2026-06-07T17:11:28.3834044+00:00 ContainerStream: 
2026-06-07T17:11:28.5073895+00:00 ContainerStatus: Container has finished running with exit code: 1.
2026-06-07T17:11:28.5078962+00:00 ContainerStatus: Container is terminating. Grace period: 5 seconds.
2026-06-07T17:11:28.5114798+00:00 ContainerStatus: Stop and delete container. Retry count = 0
2026-06-07T17:11:28.5115478+00:00 ContainerStatus: Stopping container: 5f42a40783cc_registration-bot-app.
2026-06-07T17:11:28.5742012+00:00 ContainerStatus: Deleting container: 5f42a40783cc_registration-bot-app. Retry count = 0
2026-06-07T17:11:28.8243896+00:00 ContainerStatus: Container spec TerminationMessagePolicy  path 
2026-06-07T17:11:28.8316307+00:00 ContainerStatus: Container is terminated. Total time elapsed: 316 ms.
2026-06-07T17:11:28.8317308+00:00 ContainerStatus: Site container: registration-bot-app terminated during site startup.
2026-06-07T17:11:28.8318092+00:00 ContainerStatus: State: Stopping, Action: CancellingStartup, LastError: ContainerTimeout, LastErrorTimestamp: 06/07/2026 17:10:33, LastErrorDetails: Container did not start within expected time limit of 230s. Please inspect your container logs for more details., Details: Site container: registration-bot-app terminated during site startup. Cancelling site startup., DetailsLevel: ERR
2026-06-07T17:11:28.8929217+00:00 ContainerStatus: Site startup probe failed after 15.6379081 seconds.
2026-06-07T17:11:29.0425358+00:00 ContainerStatus: State: Stopping, Action: CancellingStartup, LastError: ContainerTimeout, LastErrorTimestamp: 06/07/2026 17:11:29, LastErrorDetails: Container did not start within expected time limit of 230s. Please inspect your container logs for more details., Details: Site container: registration-bot-app terminated during site startup. Cancelling site startup., DetailsLevel: ERR
2026-06-07T17:11:29.0617582+00:00 ContainerStatus: Failed to start site. Revert by stopping site.
2026-06-07T17:11:29.0622531+00:00 ContainerStatus: State: Stopping, Action: StoppingSite, LastError: ContainerTimeout, LastErrorTimestamp: 06/07/2026 17:11:29, LastErrorDetails: Container did not start within expected time limit of 230s. Please inspect your container logs for more details., Details: Site container: registration-bot-app terminated during site startup. Cancelling site startup., DetailsLevel: ERR
2026-06-07T17:11:29.0634704+00:00 ContainerStatus: State: Stopping, Action: StoppingSiteContainers, LastError: ContainerTimeout, LastErrorTimestamp: 06/07/2026 17:11:29, LastErrorDetails: Container did not start within expected time limit of 230s. Please inspect your container logs for more details., Details: Site container: registration-bot-app terminated during site startup. Cancelling site startup., DetailsLevel: ERR
2026-06-07T17:11:29.3223361+00:00 ContainerStatus: Site container: registration-bot-app_managedIdentity terminated during site startup.
2026-06-07T17:11:29.3228622+00:00 ContainerStatus: State: Stopping, Action: StoppingSiteContainers, LastError: ContainerTimeout, LastErrorTimestamp: 06/07/2026 17:11:29, LastErrorDetails: Container did not start within expected time limit of 230s. Please inspect your container logs for more details., Details: Site container: registration-bot-app terminated during site startup. Cancelling site startup., DetailsLevel: ERR
2026-06-07T17:11:29.3232445+00:00 ContainerStatus: Site: registration-bot-app stopped.
========== New Cold Start Attempt (2026-06-07T17:11:29.3327838+00:00) ==========
2026-06-07T17:11:29.3327838+00:00 ContainerStatus: State: Stopping, Action: UnmountingVolumes, LastError: ContainerTimeout, LastErrorTimestamp: 06/07/2026 17:11:29, LastErrorDetails: Container did not start within expected time limit of 230s. Please inspect your container logs for more details., Details: Site container: registration-bot-app terminated during site startup. Cancelling site startup., DetailsLevel: ERR
2026-06-07T17:11:29.6652125+00:00 ContainerStatus: State: Stopping, Action: StoppingSiteNetworks, LastError: ContainerTimeout, LastErrorTimestamp: 06/07/2026 17:11:29, LastErrorDetails: Container did not start within expected time limit of 230s. Please inspect your container logs for more details., Details: Site container: registration-bot-app terminated during site startup. Cancelling site startup., DetailsLevel: ERR
2026-06-07T17:11:29.9641508+00:00 ContainerStatus: Site: registration-bot-app will be blocked for 1 minutes till 06/07/2026 17:12:29
2026-06-07T17:11:29.9647255+00:00 ContainerStatus: State: Blocked, Action: StoppingSiteNetworks, LastError: ContainerTimeout, LastErrorTimestamp: 06/07/2026 17:11:29, LastErrorDetails: Container did not start within expected time limit of 230s. Please inspect your container logs for more details., Details: Site: registration-bot-app will be blocked for 1 minutes till 06/07/2026 17:12:29, DetailsLevel: WARN
2026-06-07T17:11:29.9723263+00:00 ContainerStatus: State: Stopped, Action: None, LastError: ContainerTimeout, LastErrorTimestamp: 06/07/2026 17:11:29, LastErrorDetails: Container did not start within expected time limit of 230s. Please inspect your container logs for more details., Details: Site stopped at 06/07/2026 17:11:29 (UTC), DetailsLevel: WARN
2026-06-07T17:11:30.3236236+00:00 ContainerStatus: State: Stopped, Action: None, LastError: ContainerTimeout, LastErrorTimestamp: 06/07/2026 17:11:29, LastErrorDetails: Container did not start within expected time limit of 230s. Please inspect your container logs for more details., Details: Site stopped at 06/07/2026 17:11:29 (UTC), DetailsLevel: WARN
2026-06-07T17:12:29.9638491+00:00 ContainerStatus: Site: registration-bot-app is unblocked.
2026-06-07T17:12:49.3824597+00:00 ContainerStatus: State: Starting, Action: EstablishingSiteNetworks, LastError: ContainerTimeout, LastErrorTimestamp: 06/07/2026 17:11:29, LastErrorDetails: Container did not start within expected time limit of 230s. Please inspect your container logs for more details., Details: Site stopped at 06/07/2026 17:11:29 (UTC), DetailsLevel: WARN
2026-06-07T17:12:51.4919099+00:00 ContainerStatus: State: Starting, Action: StartingMsiContainer, LastError: ContainerTimeout, LastErrorTimestamp: 06/07/2026 17:11:29, LastErrorDetails: Container did not start within expected time limit of 230s. Please inspect your container logs for more details., Details: Site stopped at 06/07/2026 17:11:29 (UTC), DetailsLevel: WARN
2026-06-07T17:13:02.0301784+00:00 ContainerStatus: State: Starting, Action: StartingSiteContainers, LastError: ContainerTimeout, LastErrorTimestamp: 06/07/2026 17:11:29, LastErrorDetails: Container did not start within expected time limit of 230s. Please inspect your container logs for more details., Details: Site stopped at 06/07/2026 17:11:29 (UTC), DetailsLevel: WARN
2026-06-07T17:13:02.0302505+00:00 ContainerStatus: Container start method called.
2026-06-07T17:13:02.0302794+00:00 ContainerStatus: State: Starting, Action: PullingImage, LastError: ContainerTimeout, LastErrorTimestamp: 06/07/2026 17:11:29, LastErrorDetails: Container did not start within expected time limit of 230s. Please inspect your container logs for more details., Details: Pulling image 10.1.0.5:13209/appsvc/python:3.12_20260504.4.tuxprod for registration-bot-app., DetailsLevel: INFO
2026-06-07T17:13:02.0303323+00:00 ContainerStatus: Establishing network.
2026-06-07T17:13:02.0682732+00:00 ContainerStatus: Pulling image: appsvc/python:3.12_20260504.4.tuxprod.
2026-06-07T17:13:02.2982708+00:00 ContainerStatus: Container is starting.
2026-06-07T17:13:02.3132562+00:00 ContainerStatus: State: Starting, Action: MountingVolumes, LastError: ContainerTimeout, LastErrorTimestamp: 06/07/2026 17:11:29, LastErrorDetails: Container did not start within expected time limit of 230s. Please inspect your container logs for more details., Details: Mounting volumes for registration-bot-app., DetailsLevel: INFO
2026-06-07T17:13:02.3141353+00:00 ContainerStatus: Establishing user namespace if not established already.
2026-06-07T17:13:02.3144342+00:00 ContainerStatus: Establishing network if not established already.
2026-06-07T17:13:02.3176422+00:00 ContainerStatus: Mounting volumes.
2026-06-07T17:13:02.3180546+00:00 ContainerStatus: Nested mountpoint 
2026-06-07T17:13:02.3372226+00:00 ContainerStatus: Nested mountpoint volatile/logs
2026-06-07T17:13:02.3673328+00:00 ContainerStatus: Nested mountpoint 
2026-06-07T17:13:02.3677445+00:00 ContainerStatus: Nested mountpoint 
2026-06-07T17:13:02.3681220+00:00 ContainerStatus: Nested mountpoint 
2026-06-07T17:13:02.7666682+00:00 ContainerStatus: State: Starting, Action: CreatingContainer, LastError: ContainerTimeout, LastErrorTimestamp: 06/07/2026 17:11:29, LastErrorDetails: Container did not start within expected time limit of 230s. Please inspect your container logs for more details., Details: Finished pulling container image and mounting volumes for registration-bot-app. Allocatinng the rest of the container resources to finish container creation., DetailsLevel: INFO
2026-06-07T17:13:02.7667976+00:00 ContainerStatus: Creating container.
2026-06-07T17:13:02.7668558+00:00 ContainerStatus: Creating pipes for streaming container io.
2026-06-07T17:13:02.7669123+00:00 ContainerStatus: Creating stdout named pipe at /podr/container/pipe/a81c0ec6ca36_registration-bot-app/stdout_38159f393ef1400fb37fae3e97b8fbc0.
2026-06-07T17:13:02.7670307+00:00 ContainerStatus: Successfully created stdout named pipe at: /podr/container/pipe/a81c0ec6ca36_registration-bot-app/stdout_38159f393ef1400fb37fae3e97b8fbc0.
2026-06-07T17:13:02.7670775+00:00 ContainerStatus: Opening named pipe /podr/container/pipe/a81c0ec6ca36_registration-bot-app/stdout_38159f393ef1400fb37fae3e97b8fbc0 for reading in non-blocking mode.
2026-06-07T17:13:02.7671408+00:00 ContainerStatus: Successfully opened named pipe: /podr/container/pipe/a81c0ec6ca36_registration-bot-app/stdout_38159f393ef1400fb37fae3e97b8fbc0.
2026-06-07T17:13:02.7671900+00:00 ContainerStatus: Successfully removed non-blocking flag from /podr/container/pipe/a81c0ec6ca36_registration-bot-app/stdout_38159f393ef1400fb37fae3e97b8fbc0.
2026-06-07T17:13:02.7672668+00:00 ContainerStatus: Creating stderr named pipe at /podr/container/pipe/a81c0ec6ca36_registration-bot-app/stderr_267a319d6fad453cba698a5ddd935bb6.
2026-06-07T17:13:02.7673400+00:00 ContainerStatus: Successfully created stderr named pipe at: /podr/container/pipe/a81c0ec6ca36_registration-bot-app/stderr_267a319d6fad453cba698a5ddd935bb6.
2026-06-07T17:13:02.7673838+00:00 ContainerStatus: Opening named pipe /podr/container/pipe/a81c0ec6ca36_registration-bot-app/stderr_267a319d6fad453cba698a5ddd935bb6 for reading in non-blocking mode.
2026-06-07T17:13:02.7674414+00:00 ContainerStatus: Successfully opened named pipe: /podr/container/pipe/a81c0ec6ca36_registration-bot-app/stderr_267a319d6fad453cba698a5ddd935bb6.
2026-06-07T17:13:02.7674879+00:00 ContainerStatus: Successfully removed non-blocking flag from /podr/container/pipe/a81c0ec6ca36_registration-bot-app/stderr_267a319d6fad453cba698a5ddd935bb6.
2026-06-07T17:13:02.7675523+00:00 ContainerStatus: Creating container with image: appsvc/python:3.12_20260504.4.tuxprod from registry: 10.1.0.5:13209 and fully qualified image name: 10.1.0.5:13209/appsvc/python:3.12_20260504.4.tuxprod
2026-06-07T17:13:03.9066707+00:00 ContainerStatus: Starting container: a81c0ec6ca36_registration-bot-app.
2026-06-07T17:13:04.0552703+00:00 ContainerStatus: Starting watchers and probes.
2026-06-07T17:13:04.0557296+00:00 ContainerStatus: Starting metrics collection.
2026-06-07T17:13:04.0558473+00:00 ContainerStatus: Container is running.
2026-06-07T17:13:04.0558987+00:00 ContainerStatus: State: Starting, Action: CreatingContainer, LastError: ContainerTimeout, LastErrorTimestamp: 06/07/2026 17:11:29, LastErrorDetails: Container did not start within expected time limit of 230s. Please inspect your container logs for more details., Details: Container registration-bot-app successfully created and is running., DetailsLevel: INFO
2026-06-07T17:13:04.1456126+00:00 ContainerStatus: Container start method finished after 2115 ms.
2026-06-07T17:13:04.1458389+00:00 ContainerStatus: State: Starting, Action: InitiatingSiteWarmUpProbe, LastError: ContainerTimeout, LastErrorTimestamp: 06/07/2026 17:11:29, LastErrorDetails: Container did not start within expected time limit of 230s. Please inspect your container logs for more details., Details: Container registration-bot-app successfully created and is running., DetailsLevel: INFO
2026-06-07T17:13:04.1467172+00:00 ContainerStatus: State: Starting, Action: WaitingForSiteWarmUpProbeSuccess, LastError: ContainerTimeout, LastErrorTimestamp: 06/07/2026 17:11:29, LastErrorDetails: Container did not start within expected time limit of 230s. Please inspect your container logs for more details., Details: Pinging warmup path to ensure container is ready to receive requests., DetailsLevel: INFO
2026-06-07T17:13:04.5573309+00:00 ContainerStream:    _____                               
2026-06-07T17:13:04.5573784+00:00 ContainerStream:   /  _  \ __________ _________   ____  
2026-06-07T17:13:04.5573802+00:00 ContainerStream:  /  /_\  \\___   /  |  \_  __ \_/ __ \ 
2026-06-07T17:13:04.5573814+00:00 ContainerStream: /    |    \/    /|  |  /|  | \/\  ___/ 
2026-06-07T17:13:04.5573826+00:00 ContainerStream: \____|__  /_____ \____/ |__|    \___  >
2026-06-07T17:13:04.5573890+00:00 ContainerStream:         \/      \/                  \/ 
2026-06-07T17:13:04.5573903+00:00 ContainerStream: A P P   S E R V I C E   O N   L I N U X
2026-06-07T17:13:04.5573914+00:00 ContainerStream: 
2026-06-07T17:13:04.5573927+00:00 ContainerStream: Documentation     : https://aka.ms/webapp-linux
2026-06-07T17:13:04.5573940+00:00 ContainerStream: Python quickstart : https://aka.ms/python-qs
2026-06-07T17:13:04.5573952+00:00 ContainerStream: Python version    : 3.12.13
2026-06-07T17:13:04.5573964+00:00 ContainerStream: Instance name     : lw1sdlwk0000D8
2026-06-07T17:13:04.5573979+00:00 ContainerStream: Instance id       : f8c5d35a462fcd87923beccccb19f9d3c0e35bc47dd6274950bc1dd66bc38d1e
2026-06-07T17:13:04.5573991+00:00 ContainerStream: 
2026-06-07T17:13:04.5574003+00:00 ContainerStream: App port          : 8000
2026-06-07T17:13:04.5574015+00:00 ContainerStream: Port selected by  : Default for this image
2026-06-07T17:13:04.5745194+00:00 ContainerStream: (Learn more about the PORT appsetting https://aka.ms/webapp-python-settings)
2026-06-07T17:13:04.5745336+00:00 ContainerStream: 
2026-06-07T17:13:04.5745351+00:00 ContainerStream: Note: Any data outside '/home' is not persisted
2026-06-07T17:13:04.5745366+00:00 ContainerStream: 
2026-06-07T17:13:04.5745404+00:00 ContainerStream: ────────────────────────────────────────────────────────────────
2026-06-07T17:13:04.5745419+00:00 ContainerStream:  Run 'apphelp' for available commands and aliases.
2026-06-07T17:13:04.5745432+00:00 ContainerStream:  Run 'install-nettools' to install networking utilities.
2026-06-07T17:13:04.5745451+00:00 ContainerStream: ────────────────────────────────────────────────────────────────
2026-06-07T17:13:08.2723728+00:00 ContainerStream: Starting OpenBSD Secure Shell server: sshd.
2026-06-07T17:13:08.3117962+00:00 ContainerStream: WEBSITES_INCLUDE_CLOUD_CERTS is not set to true.
2026-06-07T17:13:08.5108389+00:00 ContainerStream: Updating certificates in /etc/ssl/certs...
2026-06-07T17:13:23.4962769+00:00 ContainerStream: rehash: warning: skipping ca-certificates.crt,it does not contain exactly one certificate or CRL
2026-06-07T17:13:23.5174504+00:00 ContainerStream: rehash: warning: skipping duplicate certificate in azl_SSL.com_TLS_RSA_Root_CA_2022.pem
2026-06-07T17:13:23.5266729+00:00 ContainerStream: rehash: warning: skipping duplicate certificate in azl_SSL.com_TLS_ECC_Root_CA_2022.pem
2026-06-07T17:13:23.6267272+00:00 ContainerStream: 4 added, 0 removed; done.
2026-06-07T17:13:23.6279309+00:00 ContainerStream: Running hooks in /etc/ca-certificates/update.d...
2026-06-07T17:13:23.6467839+00:00 ContainerStream: done.
2026-06-07T17:13:23.6665152+00:00 ContainerStream: CA certificates copied and updated successfully.
2026-06-07T17:13:23.7676978+00:00 ContainerStream: Site's appCommandLine: gunicorn -w 1 -k uvicorn.workers.UvicornWorker --timeout 120 app.main:app
2026-06-07T17:13:24.1667604+00:00 ContainerStream: Starting periodic command scheduler: cron.
2026-06-07T17:13:24.1957366+00:00 ContainerStream: Launching oryx with: create-script -appPath /home/site/wwwroot -output /opt/startup/startup.sh -virtualEnvName antenv -defaultApp /opt/defaultsite -userStartupCommand 'gunicorn -w 1 -k uvicorn.workers.UvicornWorker --timeout 120 app.main:app'
2026-06-07T17:13:24.3074580+00:00 ContainerStream: Could not find build manifest file at '/home/site/wwwroot/oryx-manifest.toml'
2026-06-07T17:13:24.3078471+00:00 ContainerStream: Could not find operation ID in manifest. Generating an operation id...
2026-06-07T17:13:24.3082160+00:00 ContainerStream: Build Operation ID: ca3bb359-5174-4689-b33b-d05659732fb6
2026-06-07T17:13:24.6450151+00:00 ContainerStream: Oryx Version: 0.2.20260504.2, Commit: a776ec9f2fd225b305599e35443ecb3533bcdb26, ReleaseTagName: 20260504.2
2026-06-07T17:13:24.6740346+00:00 ContainerStream: Writing output script to '/opt/startup/startup.sh'
2026-06-07T17:13:24.7637584+00:00 ContainerStream: WARNING: Could not find virtual environment directory /home/site/wwwroot/antenv.
2026-06-07T17:13:24.7641874+00:00 ContainerStream: WARNING: Could not find package directory /home/site/wwwroot/__oryx_packages__.
2026-06-07T17:13:26.2219452+00:00 ContainerStream: 
2026-06-07T17:13:26.2219722+00:00 ContainerStream: Error: class uri 'uvicorn.workers.UvicornWorker' invalid or not found: 
2026-06-07T17:13:26.2219745+00:00 ContainerStream: 
2026-06-07T17:13:26.2219759+00:00 ContainerStream: [Traceback (most recent call last):
2026-06-07T17:13:26.2219774+00:00 ContainerStream:   File "/opt/python/3.12.13/lib/python3.12/site-packages/gunicorn/util.py", line 110, in load_class
2026-06-07T17:13:26.2219788+00:00 ContainerStream:     mod = importlib.import_module('.'.join(components))
2026-06-07T17:13:26.2219822+00:00 ContainerStream:           ^^^^^^^^^^^^^^^^^^^^^^^^^^^^^^^^^^^^^^^^^^^^^
2026-06-07T17:13:26.2219838+00:00 ContainerStream:   File "/opt/python/3.12.13/lib/python3.12/importlib/__init__.py", line 90, in import_module
2026-06-07T17:13:26.2219852+00:00 ContainerStream:     return _bootstrap._gcd_import(name[level:], package, level)
2026-06-07T17:13:26.2219864+00:00 ContainerStream:            ^^^^^^^^^^^^^^^^^^^^^^^^^^^^^^^^^^^^^^^^^^^^^^^^^^^^
2026-06-07T17:13:26.2219879+00:00 ContainerStream:   File "<frozen importlib._bootstrap>", line 1387, in _gcd_import
2026-06-07T17:13:26.2219892+00:00 ContainerStream:   File "<frozen importlib._bootstrap>", line 1360, in _find_and_load
2026-06-07T17:13:26.2219905+00:00 ContainerStream:   File "<frozen importlib._bootstrap>", line 1310, in _find_and_load_unlocked
2026-06-07T17:13:26.2219919+00:00 ContainerStream:   File "<frozen importlib._bootstrap>", line 488, in _call_with_frames_removed
2026-06-07T17:13:26.2219932+00:00 ContainerStream:   File "<frozen importlib._bootstrap>", line 1387, in _gcd_import
2026-06-07T17:13:26.2219944+00:00 ContainerStream:   File "<frozen importlib._bootstrap>", line 1360, in _find_and_load
2026-06-07T17:13:26.2219958+00:00 ContainerStream:   File "<frozen importlib._bootstrap>", line 1324, in _find_and_load_unlocked
2026-06-07T17:13:26.2219980+00:00 ContainerStream: ModuleNotFoundError: No module named 'uvicorn'
2026-06-07T17:13:26.2219991+00:00 ContainerStream: ]
2026-06-07T17:13:26.2428637+00:00 ContainerStream: 
2026-06-07T17:13:26.4423304+00:00 ContainerStatus: Container has finished running with exit code: 1.
2026-06-07T17:13:26.4424082+00:00 ContainerStatus: Container is terminating. Grace period: 5 seconds.
2026-06-07T17:13:26.4518207+00:00 ContainerStatus: Stop and delete container. Retry count = 0
2026-06-07T17:13:26.4519409+00:00 ContainerStatus: Stopping container: a81c0ec6ca36_registration-bot-app.
2026-06-07T17:13:26.6114270+00:00 ContainerStatus: Deleting container: a81c0ec6ca36_registration-bot-app. Retry count = 0
2026-06-07T17:13:26.8801106+00:00 ContainerStatus: Container spec TerminationMessagePolicy  path 
2026-06-07T17:13:26.9020913+00:00 ContainerStatus: Container is terminated. Total time elapsed: 459 ms.
2026-06-07T17:13:26.9021781+00:00 ContainerStatus: Site container: registration-bot-app terminated during site startup.
2026-06-07T17:13:26.9242347+00:00 ContainerStatus: State: Stopping, Action: CancellingStartup, LastError: ContainerTimeout, LastErrorTimestamp: 06/07/2026 17:11:29, LastErrorDetails: Container did not start within expected time limit of 230s. Please inspect your container logs for more details., Details: Site container: registration-bot-app terminated during site startup. Cancelling site startup., DetailsLevel: ERR
2026-06-07T17:13:27.0010232+00:00 ContainerStatus: Site startup probe failed after 22.8530841 seconds.
2026-06-07T17:13:27.2812958+00:00 ContainerStatus: State: Stopping, Action: CancellingStartup, LastError: ContainerTimeout, LastErrorTimestamp: 06/07/2026 17:13:27, LastErrorDetails: Container did not start within expected time limit of 230s. Please inspect your container logs for more details., Details: Site container: registration-bot-app terminated during site startup. Cancelling site startup., DetailsLevel: ERR
2026-06-07T17:13:27.3422895+00:00 ContainerStatus: Failed to start site. Revert by stopping site.
2026-06-07T17:13:27.3499435+00:00 ContainerStatus: State: Stopping, Action: StoppingSite, LastError: ContainerTimeout, LastErrorTimestamp: 06/07/2026 17:13:27, LastErrorDetails: Container did not start within expected time limit of 230s. Please inspect your container logs for more details., Details: Site container: registration-bot-app terminated during site startup. Cancelling site startup., DetailsLevel: ERR
2026-06-07T17:13:27.3512229+00:00 ContainerStatus: State: Stopping, Action: StoppingSiteContainers, LastError: ContainerTimeout, LastErrorTimestamp: 06/07/2026 17:13:27, LastErrorDetails: Container did not start within expected time limit of 230s. Please inspect your container logs for more details., Details: Site container: registration-bot-app terminated during site startup. Cancelling site startup., DetailsLevel: ERR
2026-06-07T17:13:27.7597187+00:00 ContainerStatus: Site container: registration-bot-app_managedIdentity terminated during site startup.
2026-06-07T17:13:27.7597926+00:00 ContainerStatus: State: Stopping, Action: StoppingSiteContainers, LastError: ContainerTimeout, LastErrorTimestamp: 06/07/2026 17:13:27, LastErrorDetails: Container did not start within expected time limit of 230s. Please inspect your container logs for more details., Details: Site container: registration-bot-app terminated during site startup. Cancelling site startup., DetailsLevel: ERR
2026-06-07T17:13:27.7598844+00:00 ContainerStatus: Site: registration-bot-app stopped.
